solid OpenSCAD_Model
  facet normal 0 0 -1
    outer loop
      vertex -11.979592923420354 -8.080337455152293 0
      vertex -11.604740410711477 -6.7 0
      vertex -11.69029556871799 -8.493496895626237 0
    endloop
  endfacet
  facet normal 0 0 -1
    outer loop
      vertex -12.254294989460355 -7.6573333681698115 0
      vertex -11.831497744309623 -6.290918941330937 0
      vertex -11.979592923420354 -8.080337455152293 0
    endloop
  endfacet
  facet normal 0 0 -1
    outer loop
      vertex -11.386755389617132 -8.896308318455763 0
      vertex -11.69029556871799 -8.493496895626237 0
      vertex -11.363844488496108 -7.1009181407249455 0
    endloop
  endfacet
  facet normal 0 0 -1
    outer loop
      vertex -11.069342203069233 -9.288280959970493 0
      vertex -11.386755389617132 -8.896308318455763 0
      vertex -10.840827724624296 -7.87632238071914 0
    endloop
  endfacet
  facet normal 0 0 -1
    outer loop
      vertex -11.69029556871799 -8.493496895626237 0
      vertex -11.604740410711477 -6.7 0
      vertex -11.363844488496108 -7.1009181407249455 0
    endloop
  endfacet
  facet normal 0 0 -1
    outer loop
      vertex -11.386755389617132 -8.896308318455763 0
      vertex -11.10910347223756 -7.4931849065080085 0
      vertex -10.840827724624296 -7.87632238071914 0
    endloop
  endfacet
  facet normal 0 0 -1
    outer loop
      vertex -11.386755389617132 -8.896308318455763 0
      vertex -11.363844488496108 -7.1009181407249455 0
      vertex -11.10910347223756 -7.4931849065080085 0
    endloop
  endfacet
  facet normal 0 0 -1
    outer loop
      vertex -9.288280959970493 -11.069342203069233 0
      vertex -8.613353969799626 -10.264995537794306 0
      vertex -8.896308318455763 -11.386755389617132 0
    endloop
  endfacet
  facet normal 0 0 -1
    outer loop
      vertex -8.493496895626237 -11.69029556871799 0
      vertex -7.87632238071914 -10.840827724624296 0
      vertex -8.080337455152293 -11.979592923420354 0
    endloop
  endfacet
  facet normal 0 0 -1
    outer loop
      vertex -8.896308318455763 -11.386755389617132 0
      vertex -8.249863769363822 -10.559344098330074 0
      vertex -8.493496895626237 -11.69029556871799 0
    endloop
  endfacet
  facet normal 0 0 -1
    outer loop
      vertex -8.493496895626237 -11.69029556871799 0
      vertex -8.249863769363822 -10.559344098330074 0
      vertex -7.87632238071914 -10.840827724624296 0
    endloop
  endfacet
  facet normal 0 0 -1
    outer loop
      vertex -8.080337455152293 -11.979592923420354 0
      vertex -7.4931849065080085 -11.10910347223756 0
      vertex -7.6573333681698115 -12.254294989460355 0
    endloop
  endfacet
  facet normal 0 0 -1
    outer loop
      vertex -7.6573333681698115 -12.254294989460355 0
      vertex -7.1009181407249455 -11.363844488496108 0
      vertex -7.2250000000000005 -12.514067084685138 0
    endloop
  endfacet
  facet normal 0 0 -1
    outer loop
      vertex -8.080337455152293 -11.979592923420354 0
      vertex -7.87632238071914 -10.840827724624296 0
      vertex -7.4931849065080085 -11.10910347223756 0
    endloop
  endfacet
  facet normal 0 0 -1
    outer loop
      vertex -7.6573333681698115 -12.254294989460355 0
      vertex -7.4931849065080085 -11.10910347223756 0
      vertex -7.1009181407249455 -11.363844488496108 0
    endloop
  endfacet
  facet normal 0 0 -1
    outer loop
      vertex -11.069342203069233 -9.288280959970493 0
      vertex -10.559344098330074 -8.249863769363822 0
      vertex -10.738442728148348 -9.668937261885501 0
    endloop
  endfacet
  facet normal 0 0 -1
    outer loop
      vertex -10.39446011489351 -10.037813453132511 0
      vertex -10.738442728148348 -9.668937261885501 0
      vertex -10.264995537794306 -8.613353969799626 0
    endloop
  endfacet
  facet normal 0 0 -1
    outer loop
      vertex -10.39446011489351 -10.037813453132511 0
      vertex -9.958140661397083 -8.9663501252087 0
      vertex -10.037813453132511 -10.39446011489351 0
    endloop
  endfacet
  facet normal 0 0 -1
    outer loop
      vertex -10.39446011489351 -10.037813453132511 0
      vertex -10.264995537794306 -8.613353969799626 0
      vertex -9.958140661397083 -8.9663501252087 0
    endloop
  endfacet
  facet normal 0 0 -1
    outer loop
      vertex -10.037813453132511 -10.39446011489351 0
      vertex -9.639153324537926 -9.308422164150564 0
      vertex -9.668937261885501 -10.738442728148348 0
    endloop
  endfacet
  facet normal 0 0 -1
    outer loop
      vertex -9.288280959970493 -11.069342203069233 0
      vertex -9.668937261885501 -10.738442728148348 0
      vertex -8.9663501252087 -9.958140661397083 0
    endloop
  endfacet
  facet normal 0 0 -1
    outer loop
      vertex -9.668937261885501 -10.738442728148348 0
      vertex -9.308422164150564 -9.639153324537926 0
      vertex -8.9663501252087 -9.958140661397083 0
    endloop
  endfacet
  facet normal 0 0 -1
    outer loop
      vertex -10.037813453132511 -10.39446011489351 0
      vertex -9.958140661397083 -8.9663501252087 0
      vertex -9.639153324537926 -9.308422164150564 0
    endloop
  endfacet
  facet normal 0 0 -1
    outer loop
      vertex -9.668937261885501 -10.738442728148348 0
      vertex -9.639153324537926 -9.308422164150564 0
      vertex -9.308422164150564 -9.639153324537926 0
    endloop
  endfacet
  facet normal 0 0 -1
    outer loop
      vertex -10.738442728148348 -9.668937261885501 0
      vertex -10.559344098330074 -8.249863769363822 0
      vertex -10.264995537794306 -8.613353969799626 0
    endloop
  endfacet
  facet normal 0 0 -1
    outer loop
      vertex -11.069342203069233 -9.288280959970493 0
      vertex -10.840827724624296 -7.87632238071914 0
      vertex -10.559344098330074 -8.249863769363822 0
    endloop
  endfacet
  facet normal 0 0 -1
    outer loop
      vertex -9.288280959970493 -11.069342203069233 0
      vertex -8.9663501252087 -9.958140661397083 0
      vertex -8.613353969799626 -10.264995537794306 0
    endloop
  endfacet
  facet normal 0 0 -1
    outer loop
      vertex -8.896308318455763 -11.386755389617132 0
      vertex -8.613353969799626 -10.264995537794306 0
      vertex -8.249863769363822 -10.559344098330074 0
    endloop
  endfacet
  facet normal -0.7547095802227732 -0.6560590289905059 0
    outer loop
      vertex -11.069342203069233 -9.288280959970493 0
      vertex -10.738442728148348 -9.668937261885501 0
      vertex -11.069342203069233 -9.288280959970493 6
    endloop
  endfacet
  facet normal -0.8191520442889902 -0.5735764363510482 0
    outer loop
      vertex -11.979592923420354 -8.080337455152293 0
      vertex -11.69029556871799 -8.493496895626237 0
      vertex -11.979592923420354 -8.080337455152293 6
    endloop
  endfacet
  facet normal -0.8571673007021123 -0.5150380749100539 0
    outer loop
      vertex -12.254294989460355 -7.6573333681698115 0
      vertex -12.514067084685138 -7.2250000000000005 6
      vertex -12.514067084685138 -7.2250000000000005 0
    endloop
  endfacet
  facet normal -0.838670567945426 -0.5446390350150241 0
    outer loop
      vertex -12.254294989460355 -7.6573333681698115 0
      vertex -11.979592923420354 -8.080337455152293 0
      vertex -12.254294989460355 -7.6573333681698115 6
    endloop
  endfacet
  facet normal -0.7986355100472927 -0.6018150231520486 0
    outer loop
      vertex -11.386755389617132 -8.896308318455763 0
      vertex -11.69029556871799 -8.493496895626237 6
      vertex -11.69029556871799 -8.493496895626237 0
    endloop
  endfacet
  facet normal -0.7771459614569708 -0.6293203910498376 0
    outer loop
      vertex -11.069342203069233 -9.288280959970493 0
      vertex -11.386755389617132 -8.896308318455763 6
      vertex -11.386755389617132 -8.896308318455763 0
    endloop
  endfacet
  facet normal -0.6560590289905059 -0.7547095802227732 0
    outer loop
      vertex -9.288280959970493 -11.069342203069233 0
      vertex -9.288280959970493 -11.069342203069233 6
      vertex -9.668937261885501 -10.738442728148348 0
    endloop
  endfacet
  facet normal -0.5735764363510482 -0.8191520442889902 0
    outer loop
      vertex -8.493496895626237 -11.69029556871799 0
      vertex -8.080337455152293 -11.979592923420354 0
      vertex -8.080337455152293 -11.979592923420354 6
    endloop
  endfacet
  facet normal -0.6018150231520486 -0.7986355100472927 0
    outer loop
      vertex -8.896308318455763 -11.386755389617132 0
      vertex -8.493496895626237 -11.69029556871799 0
      vertex -8.493496895626237 -11.69029556871799 6
    endloop
  endfacet
  facet normal -0.6293203910498376 -0.7771459614569708 0
    outer loop
      vertex -9.288280959970493 -11.069342203069233 0
      vertex -8.896308318455763 -11.386755389617132 0
      vertex -8.896308318455763 -11.386755389617132 6
    endloop
  endfacet
  facet normal -0.5446390350150241 -0.838670567945426 0
    outer loop
      vertex -8.080337455152293 -11.979592923420354 0
      vertex -7.6573333681698115 -12.254294989460355 0
      vertex -7.6573333681698115 -12.254294989460355 6
    endloop
  endfacet
  facet normal -0.5150380749100539 -0.8571673007021123 0
    outer loop
      vertex -7.6573333681698115 -12.254294989460355 0
      vertex -7.2250000000000005 -12.514067084685138 0
      vertex -7.2250000000000005 -12.514067084685138 6
    endloop
  endfacet
  facet normal -0.7071067811865476 -0.7071067811865476 0
    outer loop
      vertex -10.39446011489351 -10.037813453132511 0
      vertex -10.037813453132511 -10.39446011489351 0
      vertex -10.39446011489351 -10.037813453132511 6
    endloop
  endfacet
  facet normal -0.7313537016191706 -0.6819983600624984 0
    outer loop
      vertex -10.39446011489351 -10.037813453132511 0
      vertex -10.738442728148348 -9.668937261885501 6
      vertex -10.738442728148348 -9.668937261885501 0
    endloop
  endfacet
  facet normal -0.6819983600624984 -0.7313537016191706 0
    outer loop
      vertex -10.037813453132511 -10.39446011489351 0
      vertex -9.668937261885501 -10.738442728148348 0
      vertex -9.668937261885501 -10.738442728148348 6
    endloop
  endfacet
  facet normal 0 0 -1
    outer loop
      vertex -12.758592716811496 -6.783864082256122 0
      vertex -12.987573969022964 -6.33446307110217 0
      vertex -12.744157318355057 -4.1408277246242955 0
    endloop
  endfacet
  facet normal 0 0 -1
    outer loop
      vertex -13.200731862935584 -5.877344492445314 0
      vertex -13.39780669849008 -5.413065274859929 0
      vertex -13.196423890363588 -2.3268855807368665 0
    endloop
  endfacet
  facet normal 0 0 -1
    outer loop
      vertex -12.987573969022964 -6.33446307110217 0
      vertex -13.200731862935584 -5.877344492445314 0
      vertex -12.880906725573473 -3.693540567947789 0
    endloop
  endfacet
  facet normal 0 0 -1
    outer loop
      vertex -12.758592716811496 -6.783864082256122 0
      vertex -12.744157318355057 -4.1408277246242955 0
      vertex -12.591881118531173 -4.583069920563961 0
    endloop
  endfacet
  facet normal 0 0 -1
    outer loop
      vertex -12.987573969022964 -6.33446307110217 0
      vertex -12.880906725573473 -3.693540567947789 0
      vertex -12.744157318355057 -4.1408277246242955 0
    endloop
  endfacet
  facet normal 0 0 -1
    outer loop
      vertex -13.200731862935584 -5.877344492445314 0
      vertex -13.107177849832997 -2.786016656957975 0
      vertex -13.001962732098352 -3.2417534010355475 0
    endloop
  endfacet
  facet normal 0 0 -1
    outer loop
      vertex -13.200731862935584 -5.877344492445314 0
      vertex -13.196423890363588 -2.3268855807368665 0
      vertex -13.107177849832997 -2.786016656957975 0
    endloop
  endfacet
  facet normal 0 0 -1
    outer loop
      vertex -13.200731862935584 -5.877344492445314 0
      vertex -13.001962732098352 -3.2417534010355475 0
      vertex -12.880906725573473 -3.693540567947789 0
    endloop
  endfacet
  facet normal 0 0 -1
    outer loop
      vertex -12.254294989460355 -7.6573333681698115 0
      vertex -12.514067084685138 -7.2250000000000005 0
      vertex -12.241509132410853 -5.450271017215723 0
    endloop
  endfacet
  facet normal 0 0 -1
    outer loop
      vertex -12.758592716811496 -6.783864082256122 0
      vertex -12.424263651194952 -5.019728351773221 0
      vertex -12.514067084685138 -7.2250000000000005 0
    endloop
  endfacet
  facet normal 0 0 -1
    outer loop
      vertex -11.979592923420354 -8.080337455152293 0
      vertex -11.831497744309623 -6.290918941330937 0
      vertex -11.604740410711477 -6.7 0
    endloop
  endfacet
  facet normal 0 0 -1
    outer loop
      vertex -12.254294989460355 -7.6573333681698115 0
      vertex -12.043840220408839 -5.874173366973638 0
      vertex -11.831497744309623 -6.290918941330937 0
    endloop
  endfacet
  facet normal 0 0 -1
    outer loop
      vertex -12.254294989460355 -7.6573333681698115 0
      vertex -12.241509132410853 -5.450271017215723 0
      vertex -12.043840220408839 -5.874173366973638 0
    endloop
  endfacet
  facet normal 0 0 -1
    outer loop
      vertex -12.514067084685138 -7.2250000000000005 0
      vertex -12.424263651194952 -5.019728351773221 0
      vertex -12.241509132410853 -5.450271017215723 0
    endloop
  endfacet
  facet normal 0 0 -1
    outer loop
      vertex -12.758592716811496 -6.783864082256122 0
      vertex -12.591881118531173 -4.583069920563961 0
      vertex -12.424263651194952 -5.019728351773221 0
    endloop
  endfacet
  facet normal 0 0 -1
    outer loop
      vertex -13.578558370356378 -4.942191071055913 0
      vertex -13.391837082055883 -0.467653255813513 0
      vertex -13.39780669849008 -5.413065274859929 0
    endloop
  endfacet
  facet normal 0 0 -1
    outer loop
      vertex -13.39780669849008 -5.413065274859929 0
      vertex -13.269592121137043 -1.864919552864877 0
      vertex -13.196423890363588 -2.3268855807368665 0
    endloop
  endfacet
  facet normal 0 0 -1
    outer loop
      vertex -13.39780669849008 -5.413065274859929 0
      vertex -13.326593397934863 -1.4006814077865566 0
      vertex -13.269592121137043 -1.864919552864877 0
    endloop
  endfacet
  facet normal 0 0 -1
    outer loop
      vertex -13.39780669849008 -5.413065274859929 0
      vertex -13.367358273481644 -0.934736748171279 0
      vertex -13.326593397934863 -1.4006814077865566 0
    endloop
  endfacet
  facet normal 0 0 -1
    outer loop
      vertex -13.39780669849008 -5.413065274859929 0
      vertex -13.391837082055883 -0.467653255813513 0
      vertex -13.367358273481644 -0.934736748171279 0
    endloop
  endfacet
  facet normal 0 0 -1
    outer loop
      vertex -14.02077324468815 -3.495771391415199 0
      vertex -14.134232830603493 -3.004323932316623 0
      vertex -14.02077324468815 3.495771391415199 0
    endloop
  endfacet
  facet normal 0 0 -1
    outer loop
      vertex -13.578558370356378 -4.942191071055913 0
      vertex -13.74276666046497 -4.46529556871799 0
      vertex -13.578558370356378 4.942191071055913 0
    endloop
  endfacet
  facet normal 0 0 -1
    outer loop
      vertex -13.890231506308709 -3.982959791555638 0
      vertex -14.02077324468815 -3.495771391415199 0
      vertex -13.890231506308709 3.982959791555638 0
    endloop
  endfacet
  facet normal 0 0 -1
    outer loop
      vertex -13.74276666046497 -4.46529556871799 0
      vertex -13.890231506308709 -3.982959791555638 0
      vertex -13.74276666046497 4.46529556871799 0
    endloop
  endfacet
  facet normal 0 0 -1
    outer loop
      vertex -14.230472031026407 -2.5092161672871436 0
      vertex -14.309373593315692 -2.0110513088729456 0
      vertex -14.230472031026407 2.5092161672871436 0
    endloop
  endfacet
  facet normal 0 0 -1
    outer loop
      vertex -14.309373593315692 -2.0110513088729456 0
      vertex -14.37084138807155 -1.5104362942175928 0
      vertex -14.309373593315692 2.0110513088729456 0
    endloop
  endfacet
  facet normal 0 0 -1
    outer loop
      vertex -14.134232830603493 -3.004323932316623 0
      vertex -14.230472031026407 -2.5092161672871436 0
      vertex -14.134232830603493 3.004323932316623 0
    endloop
  endfacet
  facet normal 0 0 -1
    outer loop
      vertex -14.37084138807155 -1.5104362942175928 0
      vertex -14.41480052625446 -1.0079810456026106 0
      vertex -14.37084138807155 1.5104362942175928 0
    endloop
  endfacet
  facet normal 0 0 -1
    outer loop
      vertex -14.41480052625446 -1.0079810456026106 0
      vertex -14.441197450425936 -0.5042977273511391 0
      vertex -14.41480052625446 1.0079810456026106 0
    endloop
  endfacet
  facet normal 0 0 -1
    outer loop
      vertex -13.578558370356378 -4.942191071055913 0
      vertex -13.4 0 0
      vertex -13.391837082055883 -0.467653255813513 0
    endloop
  endfacet
  facet normal -0.8746197071393942 -0.48480962024634 0
    outer loop
      vertex -12.758592716811496 -6.783864082256122 0
      vertex -12.514067084685138 -7.2250000000000005 0
      vertex -12.758592716811496 -6.783864082256122 6
    endloop
  endfacet
  facet normal -0.8910065241883677 -0.4539904997395473 0
    outer loop
      vertex -12.758592716811496 -6.783864082256122 0
      vertex -12.987573969022964 -6.33446307110217 6
      vertex -12.987573969022964 -6.33446307110217 0
    endloop
  endfacet
  facet normal -0.9063077870366505 -0.4226182617406981 0
    outer loop
      vertex -12.987573969022964 -6.33446307110217 0
      vertex -13.200731862935584 -5.877344492445314 6
      vertex -13.200731862935584 -5.877344492445314 0
    endloop
  endfacet
  facet normal -0.9205048534524402 -0.39073112848927427 0
    outer loop
      vertex -13.200731862935584 -5.877344492445314 0
      vertex -13.39780669849008 -5.413065274859929 6
      vertex -13.39780669849008 -5.413065274859929 0
    endloop
  endfacet
  facet normal -0.9455185755993175 -0.3255681544571543 0
    outer loop
      vertex -13.578558370356378 -4.942191071055913 0
      vertex -13.74276666046497 -4.46529556871799 6
      vertex -13.74276666046497 -4.46529556871799 0
    endloop
  endfacet
  facet normal -0.9563047559630351 -0.2923717047227382 0
    outer loop
      vertex -13.74276666046497 -4.46529556871799 0
      vertex -13.890231506308709 -3.982959791555638 6
      vertex -13.890231506308709 -3.982959791555638 0
    endloop
  endfacet
  facet normal -0.9659258262890681 -0.25881904510252207 0
    outer loop
      vertex -13.890231506308709 -3.982959791555638 0
      vertex -14.02077324468815 -3.495771391415199 6
      vertex -14.02077324468815 -3.495771391415199 0
    endloop
  endfacet
  facet normal -0.9335804264972015 -0.35836794954530077 0
    outer loop
      vertex -13.578558370356378 -4.942191071055913 0
      vertex -13.39780669849008 -5.413065274859929 0
      vertex -13.578558370356378 -4.942191071055913 6
    endloop
  endfacet
  facet normal -0.9743700647852355 -0.2249510543438638 0
    outer loop
      vertex -14.02077324468815 -3.495771391415199 0
      vertex -14.134232830603493 -3.004323932316623 6
      vertex -14.134232830603493 -3.004323932316623 0
    endloop
  endfacet
  facet normal -0.9816271834476641 -0.1908089953765436 0
    outer loop
      vertex -14.134232830603493 -3.004323932316623 0
      vertex -14.230472031026407 -2.5092161672871436 6
      vertex -14.230472031026407 -2.5092161672871436 0
    endloop
  endfacet
  facet normal -0.9876883405951375 -0.1564344650402325 0
    outer loop
      vertex -14.230472031026407 -2.5092161672871436 0
      vertex -14.309373593315692 -2.0110513088729456 6
      vertex -14.309373593315692 -2.0110513088729456 0
    endloop
  endfacet
  facet normal -0.9925461516413222 -0.12186934340514614 0
    outer loop
      vertex -14.309373593315692 -2.0110513088729456 0
      vertex -14.37084138807155 -1.5104362942175928 6
      vertex -14.37084138807155 -1.5104362942175928 0
    endloop
  endfacet
  facet normal -0.9961946980917458 -0.08715574274765614 0
    outer loop
      vertex -14.37084138807155 -1.5104362942175928 0
      vertex -14.41480052625446 -1.0079810456026106 6
      vertex -14.41480052625446 -1.0079810456026106 0
    endloop
  endfacet
  facet normal -0.9986295347545736 -0.0523359562429488 0
    outer loop
      vertex -14.41480052625446 -1.0079810456026106 0
      vertex -14.441197450425936 -0.5042977273511391 6
      vertex -14.441197450425936 -0.5042977273511391 0
    endloop
  endfacet
  facet normal -0.9998476951563913 -0.01745240643728126 0
    outer loop
      vertex -14.441197450425936 -0.5042977273511391 0
      vertex -14.450000000000001 0 6
      vertex -14.450000000000001 0 0
    endloop
  endfacet
  facet normal 0 0 -1
    outer loop
      vertex -6.33446307110217 -12.987573969022964 0
      vertex -5.874173366973638 -12.043840220408839 0
      vertex -5.877344492445314 -13.200731862935584 0
    endloop
  endfacet
  facet normal 0 0 -1
    outer loop
      vertex -5.877344492445314 -13.200731862935584 0
      vertex -5.019728351773221 -12.424263651194952 0
      vertex -5.413065274859929 -13.39780669849008 0
    endloop
  endfacet
  facet normal 0 0 -1
    outer loop
      vertex -6.783864082256122 -12.758592716811496 0
      vertex -7.2250000000000005 -12.514067084685138 0
      vertex -6.7 -11.604740410711477 0
    endloop
  endfacet
  facet normal 0 0 -1
    outer loop
      vertex -7.2250000000000005 -12.514067084685138 0
      vertex -7.1009181407249455 -11.363844488496108 0
      vertex -6.7 -11.604740410711477 0
    endloop
  endfacet
  facet normal 0 0 -1
    outer loop
      vertex -6.783864082256122 -12.758592716811496 0
      vertex -6.290918941330937 -11.831497744309623 0
      vertex -6.33446307110217 -12.987573969022964 0
    endloop
  endfacet
  facet normal 0 0 -1
    outer loop
      vertex -6.783864082256122 -12.758592716811496 0
      vertex -6.7 -11.604740410711477 0
      vertex -6.290918941330937 -11.831497744309623 0
    endloop
  endfacet
  facet normal 0 0 -1
    outer loop
      vertex -6.33446307110217 -12.987573969022964 0
      vertex -6.290918941330937 -11.831497744309623 0
      vertex -5.874173366973638 -12.043840220408839 0
    endloop
  endfacet
  facet normal 0 0 -1
    outer loop
      vertex -5.877344492445314 -13.200731862935584 0
      vertex -5.874173366973638 -12.043840220408839 0
      vertex -5.450271017215723 -12.241509132410853 0
    endloop
  endfacet
  facet normal 0 0 -1
    outer loop
      vertex -5.877344492445314 -13.200731862935584 0
      vertex -5.450271017215723 -12.241509132410853 0
      vertex -5.019728351773221 -12.424263651194952 0
    endloop
  endfacet
  facet normal 0 0 -1
    outer loop
      vertex -4.942191071055913 -13.578558370356378 0
      vertex -5.413065274859929 -13.39780669849008 0
      vertex -4.583069920563961 -12.591881118531173 0
    endloop
  endfacet
  facet normal 0 0 -1
    outer loop
      vertex -5.413065274859929 -13.39780669849008 0
      vertex -5.019728351773221 -12.424263651194952 0
      vertex -4.583069920563961 -12.591881118531173 0
    endloop
  endfacet
  facet normal 0 0 -1
    outer loop
      vertex -4.942191071055913 -13.578558370356378 0
      vertex -4.1408277246242955 -12.744157318355057 0
      vertex -4.46529556871799 -13.74276666046497 0
    endloop
  endfacet
  facet normal 0 0 -1
    outer loop
      vertex -4.942191071055913 -13.578558370356378 0
      vertex -4.583069920563961 -12.591881118531173 0
      vertex -4.1408277246242955 -12.744157318355057 0
    endloop
  endfacet
  facet normal 0 0 -1
    outer loop
      vertex -4.46529556871799 -13.74276666046497 0
      vertex -4.1408277246242955 -12.744157318355057 0
      vertex -3.693540567947789 -12.880906725573473 0
    endloop
  endfacet
  facet normal 0 0 -1
    outer loop
      vertex -4.46529556871799 -13.74276666046497 0
      vertex -3.693540567947789 -12.880906725573473 0
      vertex -3.982959791555638 -13.890231506308709 0
    endloop
  endfacet
  facet normal 0 0 -1
    outer loop
      vertex -3.982959791555638 -13.890231506308709 0
      vertex -3.693540567947789 -12.880906725573473 0
      vertex -3.2417534010355475 -13.001962732098352 0
    endloop
  endfacet
  facet normal 0 0 -1
    outer loop
      vertex -3.982959791555638 -13.890231506308709 0
      vertex -3.2417534010355475 -13.001962732098352 0
      vertex -3.495771391415199 -14.02077324468815 0
    endloop
  endfacet
  facet normal 0 0 -1
    outer loop
      vertex -3.495771391415199 -14.02077324468815 0
      vertex -2.786016656957975 -13.107177849832997 0
      vertex -3.004323932316623 -14.134232830603493 0
    endloop
  endfacet
  facet normal 0 0 -1
    outer loop
      vertex -3.495771391415199 -14.02077324468815 0
      vertex -3.2417534010355475 -13.001962732098352 0
      vertex -2.786016656957975 -13.107177849832997 0
    endloop
  endfacet
  facet normal 0 0 -1
    outer loop
      vertex -3.004323932316623 -14.134232830603493 0
      vertex -2.3268855807368665 -13.196423890363588 0
      vertex -2.5092161672871436 -14.230472031026407 0
    endloop
  endfacet
  facet normal 0 0 -1
    outer loop
      vertex -2.5092161672871436 -14.230472031026407 0
      vertex -1.864919552864877 -13.269592121137043 0
      vertex -2.0110513088729456 -14.309373593315692 0
    endloop
  endfacet
  facet normal 0 0 -1
    outer loop
      vertex -2.5092161672871436 -14.230472031026407 0
      vertex -2.3268855807368665 -13.196423890363588 0
      vertex -1.864919552864877 -13.269592121137043 0
    endloop
  endfacet
  facet normal 0 0 -1
    outer loop
      vertex -3.004323932316623 -14.134232830603493 0
      vertex -2.786016656957975 -13.107177849832997 0
      vertex -2.3268855807368665 -13.196423890363588 0
    endloop
  endfacet
  facet normal 0 0 -1
    outer loop
      vertex -2.0110513088729456 -14.309373593315692 0
      vertex -1.4006814077865566 -13.326593397934863 0
      vertex -1.5104362942175928 -14.37084138807155 0
    endloop
  endfacet
  facet normal 0 0 -1
    outer loop
      vertex -2.0110513088729456 -14.309373593315692 0
      vertex -1.864919552864877 -13.269592121137043 0
      vertex -1.4006814077865566 -13.326593397934863 0
    endloop
  endfacet
  facet normal 0 0 -1
    outer loop
      vertex -1.5104362942175928 -14.37084138807155 0
      vertex -0.934736748171279 -13.367358273481644 0
      vertex -1.0079810456026106 -14.41480052625446 0
    endloop
  endfacet
  facet normal 0 0 -1
    outer loop
      vertex -1.5104362942175928 -14.37084138807155 0
      vertex -1.4006814077865566 -13.326593397934863 0
      vertex -0.934736748171279 -13.367358273481644 0
    endloop
  endfacet
  facet normal 0 0 -1
    outer loop
      vertex -1.0079810456026106 -14.41480052625446 0
      vertex -0.467653255813513 -13.391837082055883 0
      vertex -0.5042977273511391 -14.441197450425936 0
    endloop
  endfacet
  facet normal 0 0 -1
    outer loop
      vertex -1.0079810456026106 -14.41480052625446 0
      vertex -0.934736748171279 -13.367358273481644 0
      vertex -0.467653255813513 -13.391837082055883 0
    endloop
  endfacet
  facet normal 0 0 -1
    outer loop
      vertex -0.5042977273511391 -14.441197450425936 0
      vertex 0 -13.4 0
      vertex 0 -14.450000000000001 0
    endloop
  endfacet
  facet normal 0 0 -1
    outer loop
      vertex -0.5042977273511391 -14.441197450425936 0
      vertex -0.467653255813513 -13.391837082055883 0
      vertex 0 -13.4 0
    endloop
  endfacet
  facet normal -0.48480962024634 -0.8746197071393942 0
    outer loop
      vertex -6.783864082256122 -12.758592716811496 0
      vertex -6.783864082256122 -12.758592716811496 6
      vertex -7.2250000000000005 -12.514067084685138 0
    endloop
  endfacet
  facet normal -0.4539904997395473 -0.8910065241883677 0
    outer loop
      vertex -6.783864082256122 -12.758592716811496 0
      vertex -6.33446307110217 -12.987573969022964 0
      vertex -6.33446307110217 -12.987573969022964 6
    endloop
  endfacet
  facet normal -0.4226182617406981 -0.9063077870366505 0
    outer loop
      vertex -6.33446307110217 -12.987573969022964 0
      vertex -5.877344492445314 -13.200731862935584 0
      vertex -5.877344492445314 -13.200731862935584 6
    endloop
  endfacet
  facet normal -0.39073112848927427 -0.9205048534524402 0
    outer loop
      vertex -5.877344492445314 -13.200731862935584 0
      vertex -5.413065274859929 -13.39780669849008 0
      vertex -5.413065274859929 -13.39780669849008 6
    endloop
  endfacet
  facet normal -0.3255681544571543 -0.9455185755993175 0
    outer loop
      vertex -4.942191071055913 -13.578558370356378 0
      vertex -4.46529556871799 -13.74276666046497 0
      vertex -4.46529556871799 -13.74276666046497 6
    endloop
  endfacet
  facet normal -0.35836794954530077 -0.9335804264972015 0
    outer loop
      vertex -4.942191071055913 -13.578558370356378 0
      vertex -4.942191071055913 -13.578558370356378 6
      vertex -5.413065274859929 -13.39780669849008 0
    endloop
  endfacet
  facet normal -0.2923717047227382 -0.9563047559630351 0
    outer loop
      vertex -4.46529556871799 -13.74276666046497 0
      vertex -3.982959791555638 -13.890231506308709 0
      vertex -3.982959791555638 -13.890231506308709 6
    endloop
  endfacet
  facet normal -0.25881904510252207 -0.9659258262890681 0
    outer loop
      vertex -3.982959791555638 -13.890231506308709 0
      vertex -3.495771391415199 -14.02077324468815 0
      vertex -3.495771391415199 -14.02077324468815 6
    endloop
  endfacet
  facet normal -0.2249510543438638 -0.9743700647852355 0
    outer loop
      vertex -3.495771391415199 -14.02077324468815 0
      vertex -3.004323932316623 -14.134232830603493 0
      vertex -3.004323932316623 -14.134232830603493 6
    endloop
  endfacet
  facet normal -0.1908089953765436 -0.9816271834476641 0
    outer loop
      vertex -3.004323932316623 -14.134232830603493 0
      vertex -2.5092161672871436 -14.230472031026407 0
      vertex -2.5092161672871436 -14.230472031026407 6
    endloop
  endfacet
  facet normal -0.1564344650402325 -0.9876883405951375 0
    outer loop
      vertex -2.5092161672871436 -14.230472031026407 0
      vertex -2.0110513088729456 -14.309373593315692 0
      vertex -2.0110513088729456 -14.309373593315692 6
    endloop
  endfacet
  facet normal -0.12186934340514614 -0.9925461516413222 0
    outer loop
      vertex -2.0110513088729456 -14.309373593315692 0
      vertex -1.5104362942175928 -14.37084138807155 0
      vertex -1.5104362942175928 -14.37084138807155 6
    endloop
  endfacet
  facet normal -0.08715574274765614 -0.9961946980917458 0
    outer loop
      vertex -1.5104362942175928 -14.37084138807155 0
      vertex -1.0079810456026106 -14.41480052625446 0
      vertex -1.0079810456026106 -14.41480052625446 6
    endloop
  endfacet
  facet normal -0.0523359562429488 -0.9986295347545736 0
    outer loop
      vertex -1.0079810456026106 -14.41480052625446 0
      vertex -0.5042977273511391 -14.441197450425936 0
      vertex -0.5042977273511391 -14.441197450425936 6
    endloop
  endfacet
  facet normal -0.01745240643728126 -0.9998476951563913 0
    outer loop
      vertex -0.5042977273511391 -14.441197450425936 0
      vertex 0 -14.450000000000001 0
      vertex 0 -14.450000000000001 6
    endloop
  endfacet
  facet normal -0.7547095802227732 -0.6560590289905059 0
    outer loop
      vertex -10.738442728148348 -9.668937261885501 0
      vertex -10.738442728148348 -9.668937261885501 6
      vertex -11.069342203069233 -9.288280959970493 6
    endloop
  endfacet
  facet normal -0.7771459614569708 -0.6293203910498376 0
    outer loop
      vertex -11.069342203069233 -9.288280959970493 0
      vertex -11.069342203069233 -9.288280959970493 6
      vertex -11.386755389617132 -8.896308318455763 6
    endloop
  endfacet
  facet normal -0.8191520442889902 -0.5735764363510482 0
    outer loop
      vertex -11.69029556871799 -8.493496895626237 0
      vertex -11.69029556871799 -8.493496895626237 6
      vertex -11.979592923420354 -8.080337455152293 6
    endloop
  endfacet
  facet normal -0.8571673007021123 -0.5150380749100539 0
    outer loop
      vertex -12.254294989460355 -7.6573333681698115 0
      vertex -12.254294989460355 -7.6573333681698115 6
      vertex -12.514067084685138 -7.2250000000000005 6
    endloop
  endfacet
  facet normal -0.838670567945426 -0.5446390350150241 0
    outer loop
      vertex -11.979592923420354 -8.080337455152293 0
      vertex -11.979592923420354 -8.080337455152293 6
      vertex -12.254294989460355 -7.6573333681698115 6
    endloop
  endfacet
  facet normal -0.7986355100472927 -0.6018150231520486 0
    outer loop
      vertex -11.386755389617132 -8.896308318455763 0
      vertex -11.386755389617132 -8.896308318455763 6
      vertex -11.69029556871799 -8.493496895626237 6
    endloop
  endfacet
  facet normal -0.6560590289905059 -0.7547095802227732 0
    outer loop
      vertex -9.668937261885501 -10.738442728148348 0
      vertex -9.288280959970493 -11.069342203069233 6
      vertex -9.668937261885501 -10.738442728148348 6
    endloop
  endfacet
  facet normal -0.6293203910498376 -0.7771459614569708 0
    outer loop
      vertex -9.288280959970493 -11.069342203069233 0
      vertex -8.896308318455763 -11.386755389617132 6
      vertex -9.288280959970493 -11.069342203069233 6
    endloop
  endfacet
  facet normal -0.5735764363510482 -0.8191520442889902 0
    outer loop
      vertex -8.493496895626237 -11.69029556871799 0
      vertex -8.080337455152293 -11.979592923420354 6
      vertex -8.493496895626237 -11.69029556871799 6
    endloop
  endfacet
  facet normal -0.6018150231520486 -0.7986355100472927 0
    outer loop
      vertex -8.896308318455763 -11.386755389617132 0
      vertex -8.493496895626237 -11.69029556871799 6
      vertex -8.896308318455763 -11.386755389617132 6
    endloop
  endfacet
  facet normal -0.5446390350150241 -0.838670567945426 0
    outer loop
      vertex -8.080337455152293 -11.979592923420354 0
      vertex -7.6573333681698115 -12.254294989460355 6
      vertex -8.080337455152293 -11.979592923420354 6
    endloop
  endfacet
  facet normal -0.5150380749100539 -0.8571673007021123 0
    outer loop
      vertex -7.6573333681698115 -12.254294989460355 0
      vertex -7.2250000000000005 -12.514067084685138 6
      vertex -7.6573333681698115 -12.254294989460355 6
    endloop
  endfacet
  facet normal -0.7071067811865476 -0.7071067811865476 0
    outer loop
      vertex -10.037813453132511 -10.39446011489351 0
      vertex -10.037813453132511 -10.39446011489351 6
      vertex -10.39446011489351 -10.037813453132511 6
    endloop
  endfacet
  facet normal -0.7313537016191706 -0.6819983600624984 0
    outer loop
      vertex -10.39446011489351 -10.037813453132511 0
      vertex -10.39446011489351 -10.037813453132511 6
      vertex -10.738442728148348 -9.668937261885501 6
    endloop
  endfacet
  facet normal -0.6819983600624984 -0.7313537016191706 0
    outer loop
      vertex -10.037813453132511 -10.39446011489351 0
      vertex -9.668937261885501 -10.738442728148348 6
      vertex -10.037813453132511 -10.39446011489351 6
    endloop
  endfacet
  facet normal 0 0 1
    outer loop
      vertex -11.979592923420354 -8.080337455152293 6
      vertex -11.69029556871799 -8.493496895626237 6
      vertex -11.831497744309623 -6.290918941330937 6
    endloop
  endfacet
  facet normal 0 0 1
    outer loop
      vertex -11.069342203069233 -9.288280959970493 6
      vertex -10.738442728148348 -9.668937261885501 6
      vertex -10.840827724624296 -7.87632238071914 6
    endloop
  endfacet
  facet normal 0 0 1
    outer loop
      vertex -11.069342203069233 -9.288280959970493 6
      vertex -11.10910347223756 -7.4931849065080085 6
      vertex -11.386755389617132 -8.896308318455763 6
    endloop
  endfacet
  facet normal 0 0 1
    outer loop
      vertex -11.069342203069233 -9.288280959970493 6
      vertex -10.840827724624296 -7.87632238071914 6
      vertex -11.10910347223756 -7.4931849065080085 6
    endloop
  endfacet
  facet normal 0 0 1
    outer loop
      vertex -11.386755389617132 -8.896308318455763 6
      vertex -11.604740410711477 -6.7 6
      vertex -11.69029556871799 -8.493496895626237 6
    endloop
  endfacet
  facet normal 0 0 1
    outer loop
      vertex -11.386755389617132 -8.896308318455763 6
      vertex -11.363844488496108 -7.1009181407249455 6
      vertex -11.604740410711477 -6.7 6
    endloop
  endfacet
  facet normal 0 0 1
    outer loop
      vertex -11.386755389617132 -8.896308318455763 6
      vertex -11.10910347223756 -7.4931849065080085 6
      vertex -11.363844488496108 -7.1009181407249455 6
    endloop
  endfacet
  facet normal 0 0 1
    outer loop
      vertex -8.896308318455763 -11.386755389617132 6
      vertex -8.493496895626237 -11.69029556871799 6
      vertex -8.613353969799626 -10.264995537794306 6
    endloop
  endfacet
  facet normal 0 0 1
    outer loop
      vertex -8.493496895626237 -11.69029556871799 6
      vertex -8.080337455152293 -11.979592923420354 6
      vertex -8.249863769363822 -10.559344098330074 6
    endloop
  endfacet
  facet normal 0 0 1
    outer loop
      vertex -8.493496895626237 -11.69029556871799 6
      vertex -8.249863769363822 -10.559344098330074 6
      vertex -8.613353969799626 -10.264995537794306 6
    endloop
  endfacet
  facet normal 0 0 1
    outer loop
      vertex -7.6573333681698115 -12.254294989460355 6
      vertex -7.2250000000000005 -12.514067084685138 6
      vertex -7.4931849065080085 -11.10910347223756 6
    endloop
  endfacet
  facet normal 0 0 1
    outer loop
      vertex -8.080337455152293 -11.979592923420354 6
      vertex -7.6573333681698115 -12.254294989460355 6
      vertex -7.87632238071914 -10.840827724624296 6
    endloop
  endfacet
  facet normal 0 0 1
    outer loop
      vertex -8.080337455152293 -11.979592923420354 6
      vertex -7.87632238071914 -10.840827724624296 6
      vertex -8.249863769363822 -10.559344098330074 6
    endloop
  endfacet
  facet normal 0 0 1
    outer loop
      vertex -7.6573333681698115 -12.254294989460355 6
      vertex -7.4931849065080085 -11.10910347223756 6
      vertex -7.87632238071914 -10.840827724624296 6
    endloop
  endfacet
  facet normal 0 0 1
    outer loop
      vertex -7.2250000000000005 -12.514067084685138 6
      vertex -7.1009181407249455 -11.363844488496108 6
      vertex -7.4931849065080085 -11.10910347223756 6
    endloop
  endfacet
  facet normal 0 0 1
    outer loop
      vertex -10.39446011489351 -10.037813453132511 6
      vertex -10.559344098330074 -8.249863769363822 6
      vertex -10.738442728148348 -9.668937261885501 6
    endloop
  endfacet
  facet normal 0 0 1
    outer loop
      vertex -10.39446011489351 -10.037813453132511 6
      vertex -10.037813453132511 -10.39446011489351 6
      vertex -10.264995537794306 -8.613353969799626 6
    endloop
  endfacet
  facet normal 0 0 1
    outer loop
      vertex -10.037813453132511 -10.39446011489351 6
      vertex -9.958140661397083 -8.9663501252087 6
      vertex -10.264995537794306 -8.613353969799626 6
    endloop
  endfacet
  facet normal 0 0 1
    outer loop
      vertex -10.037813453132511 -10.39446011489351 6
      vertex -9.668937261885501 -10.738442728148348 6
      vertex -9.958140661397083 -8.9663501252087 6
    endloop
  endfacet
  facet normal 0 0 1
    outer loop
      vertex -9.288280959970493 -11.069342203069233 6
      vertex -9.639153324537926 -9.308422164150564 6
      vertex -9.668937261885501 -10.738442728148348 6
    endloop
  endfacet
  facet normal 0 0 1
    outer loop
      vertex -9.288280959970493 -11.069342203069233 6
      vertex -8.896308318455763 -11.386755389617132 6
      vertex -8.9663501252087 -9.958140661397083 6
    endloop
  endfacet
  facet normal 0 0 1
    outer loop
      vertex -9.288280959970493 -11.069342203069233 6
      vertex -9.308422164150564 -9.639153324537926 6
      vertex -9.639153324537926 -9.308422164150564 6
    endloop
  endfacet
  facet normal 0 0 1
    outer loop
      vertex -9.288280959970493 -11.069342203069233 6
      vertex -8.9663501252087 -9.958140661397083 6
      vertex -9.308422164150564 -9.639153324537926 6
    endloop
  endfacet
  facet normal 0 0 1
    outer loop
      vertex -9.668937261885501 -10.738442728148348 6
      vertex -9.639153324537926 -9.308422164150564 6
      vertex -9.958140661397083 -8.9663501252087 6
    endloop
  endfacet
  facet normal 0 0 1
    outer loop
      vertex -10.738442728148348 -9.668937261885501 6
      vertex -10.559344098330074 -8.249863769363822 6
      vertex -10.840827724624296 -7.87632238071914 6
    endloop
  endfacet
  facet normal 0 0 1
    outer loop
      vertex -10.39446011489351 -10.037813453132511 6
      vertex -10.264995537794306 -8.613353969799626 6
      vertex -10.559344098330074 -8.249863769363822 6
    endloop
  endfacet
  facet normal 0 0 1
    outer loop
      vertex -8.896308318455763 -11.386755389617132 6
      vertex -8.613353969799626 -10.264995537794306 6
      vertex -8.9663501252087 -9.958140661397083 6
    endloop
  endfacet
  facet normal -0.8910065241883677 -0.4539904997395473 0
    outer loop
      vertex -12.758592716811496 -6.783864082256122 0
      vertex -12.758592716811496 -6.783864082256122 6
      vertex -12.987573969022964 -6.33446307110217 6
    endloop
  endfacet
  facet normal -0.9205048534524402 -0.39073112848927427 0
    outer loop
      vertex -13.200731862935584 -5.877344492445314 0
      vertex -13.200731862935584 -5.877344492445314 6
      vertex -13.39780669849008 -5.413065274859929 6
    endloop
  endfacet
  facet normal -0.9063077870366505 -0.4226182617406981 0
    outer loop
      vertex -12.987573969022964 -6.33446307110217 0
      vertex -12.987573969022964 -6.33446307110217 6
      vertex -13.200731862935584 -5.877344492445314 6
    endloop
  endfacet
  facet normal -0.9455185755993175 -0.3255681544571543 0
    outer loop
      vertex -13.578558370356378 -4.942191071055913 0
      vertex -13.578558370356378 -4.942191071055913 6
      vertex -13.74276666046497 -4.46529556871799 6
    endloop
  endfacet
  facet normal -0.9563047559630351 -0.2923717047227382 0
    outer loop
      vertex -13.74276666046497 -4.46529556871799 0
      vertex -13.74276666046497 -4.46529556871799 6
      vertex -13.890231506308709 -3.982959791555638 6
    endloop
  endfacet
  facet normal -0.9659258262890681 -0.25881904510252207 0
    outer loop
      vertex -13.890231506308709 -3.982959791555638 0
      vertex -13.890231506308709 -3.982959791555638 6
      vertex -14.02077324468815 -3.495771391415199 6
    endloop
  endfacet
  facet normal -0.9335804264972015 -0.35836794954530077 0
    outer loop
      vertex -13.39780669849008 -5.413065274859929 0
      vertex -13.39780669849008 -5.413065274859929 6
      vertex -13.578558370356378 -4.942191071055913 6
    endloop
  endfacet
  facet normal -0.8746197071393942 -0.48480962024634 0
    outer loop
      vertex -12.514067084685138 -7.2250000000000005 0
      vertex -12.514067084685138 -7.2250000000000005 6
      vertex -12.758592716811496 -6.783864082256122 6
    endloop
  endfacet
  facet normal -0.9743700647852355 -0.2249510543438638 0
    outer loop
      vertex -14.02077324468815 -3.495771391415199 0
      vertex -14.02077324468815 -3.495771391415199 6
      vertex -14.134232830603493 -3.004323932316623 6
    endloop
  endfacet
  facet normal -0.9816271834476641 -0.1908089953765436 0
    outer loop
      vertex -14.134232830603493 -3.004323932316623 0
      vertex -14.134232830603493 -3.004323932316623 6
      vertex -14.230472031026407 -2.5092161672871436 6
    endloop
  endfacet
  facet normal -0.9876883405951375 -0.1564344650402325 0
    outer loop
      vertex -14.230472031026407 -2.5092161672871436 0
      vertex -14.230472031026407 -2.5092161672871436 6
      vertex -14.309373593315692 -2.0110513088729456 6
    endloop
  endfacet
  facet normal -0.9925461516413222 -0.12186934340514614 0
    outer loop
      vertex -14.309373593315692 -2.0110513088729456 0
      vertex -14.309373593315692 -2.0110513088729456 6
      vertex -14.37084138807155 -1.5104362942175928 6
    endloop
  endfacet
  facet normal -0.9961946980917458 -0.08715574274765614 0
    outer loop
      vertex -14.37084138807155 -1.5104362942175928 0
      vertex -14.37084138807155 -1.5104362942175928 6
      vertex -14.41480052625446 -1.0079810456026106 6
    endloop
  endfacet
  facet normal -0.9986295347545736 -0.0523359562429488 0
    outer loop
      vertex -14.41480052625446 -1.0079810456026106 0
      vertex -14.41480052625446 -1.0079810456026106 6
      vertex -14.441197450425936 -0.5042977273511391 6
    endloop
  endfacet
  facet normal -0.9998476951563913 -0.01745240643728126 0
    outer loop
      vertex -14.441197450425936 -0.5042977273511391 0
      vertex -14.441197450425936 -0.5042977273511391 6
      vertex -14.450000000000001 0 6
    endloop
  endfacet
  facet normal 0 0 1
    outer loop
      vertex -12.758592716811496 -6.783864082256122 6
      vertex -12.880906725573473 -3.693540567947789 6
      vertex -12.987573969022964 -6.33446307110217 6
    endloop
  endfacet
  facet normal 0 0 1
    outer loop
      vertex -12.987573969022964 -6.33446307110217 6
      vertex -13.107177849832997 -2.786016656957975 6
      vertex -13.200731862935584 -5.877344492445314 6
    endloop
  endfacet
  facet normal 0 0 1
    outer loop
      vertex -12.758592716811496 -6.783864082256122 6
      vertex -12.591881118531173 -4.583069920563961 6
      vertex -12.744157318355057 -4.1408277246242955 6
    endloop
  endfacet
  facet normal 0 0 1
    outer loop
      vertex -12.758592716811496 -6.783864082256122 6
      vertex -12.744157318355057 -4.1408277246242955 6
      vertex -12.880906725573473 -3.693540567947789 6
    endloop
  endfacet
  facet normal 0 0 1
    outer loop
      vertex -13.200731862935584 -5.877344492445314 6
      vertex -13.326593397934863 -1.4006814077865566 6
      vertex -13.39780669849008 -5.413065274859929 6
    endloop
  endfacet
  facet normal 0 0 1
    outer loop
      vertex -13.200731862935584 -5.877344492445314 6
      vertex -13.107177849832997 -2.786016656957975 6
      vertex -13.196423890363588 -2.3268855807368665 6
    endloop
  endfacet
  facet normal 0 0 1
    outer loop
      vertex -12.987573969022964 -6.33446307110217 6
      vertex -12.880906725573473 -3.693540567947789 6
      vertex -13.001962732098352 -3.2417534010355475 6
    endloop
  endfacet
  facet normal 0 0 1
    outer loop
      vertex -12.987573969022964 -6.33446307110217 6
      vertex -13.001962732098352 -3.2417534010355475 6
      vertex -13.107177849832997 -2.786016656957975 6
    endloop
  endfacet
  facet normal 0 0 1
    outer loop
      vertex -12.254294989460355 -7.6573333681698115 6
      vertex -12.424263651194952 -5.019728351773221 6
      vertex -12.514067084685138 -7.2250000000000005 6
    endloop
  endfacet
  facet normal 0 0 1
    outer loop
      vertex -12.254294989460355 -7.6573333681698115 6
      vertex -11.979592923420354 -8.080337455152293 6
      vertex -12.043840220408839 -5.874173366973638 6
    endloop
  endfacet
  facet normal 0 0 1
    outer loop
      vertex -12.254294989460355 -7.6573333681698115 6
      vertex -12.043840220408839 -5.874173366973638 6
      vertex -12.241509132410853 -5.450271017215723 6
    endloop
  endfacet
  facet normal 0 0 1
    outer loop
      vertex -11.979592923420354 -8.080337455152293 6
      vertex -11.831497744309623 -6.290918941330937 6
      vertex -12.043840220408839 -5.874173366973638 6
    endloop
  endfacet
  facet normal 0 0 1
    outer loop
      vertex -12.758592716811496 -6.783864082256122 6
      vertex -12.514067084685138 -7.2250000000000005 6
      vertex -12.591881118531173 -4.583069920563961 6
    endloop
  endfacet
  facet normal 0 0 1
    outer loop
      vertex -12.254294989460355 -7.6573333681698115 6
      vertex -12.241509132410853 -5.450271017215723 6
      vertex -12.424263651194952 -5.019728351773221 6
    endloop
  endfacet
  facet normal 0 0 1
    outer loop
      vertex -12.514067084685138 -7.2250000000000005 6
      vertex -12.424263651194952 -5.019728351773221 6
      vertex -12.591881118531173 -4.583069920563961 6
    endloop
  endfacet
  facet normal 0 0 1
    outer loop
      vertex -11.69029556871799 -8.493496895626237 6
      vertex -11.604740410711477 -6.7 6
      vertex -11.831497744309623 -6.290918941330937 6
    endloop
  endfacet
  facet normal 0 0 1
    outer loop
      vertex -13.200731862935584 -5.877344492445314 6
      vertex -13.196423890363588 -2.3268855807368665 6
      vertex -13.269592121137043 -1.864919552864877 6
    endloop
  endfacet
  facet normal 0 0 1
    outer loop
      vertex -13.200731862935584 -5.877344492445314 6
      vertex -13.269592121137043 -1.864919552864877 6
      vertex -13.326593397934863 -1.4006814077865566 6
    endloop
  endfacet
  facet normal 0 0 1
    outer loop
      vertex -13.39780669849008 -5.413065274859929 6
      vertex -13.326593397934863 -1.4006814077865566 6
      vertex -13.367358273481644 -0.934736748171279 6
    endloop
  endfacet
  facet normal 0 0 1
    outer loop
      vertex -13.39780669849008 -5.413065274859929 6
      vertex -13.367358273481644 -0.934736748171279 6
      vertex -13.391837082055883 -0.467653255813513 6
    endloop
  endfacet
  facet normal 0 0 1
    outer loop
      vertex -13.39780669849008 -5.413065274859929 6
      vertex -13.391837082055883 -0.467653255813513 6
      vertex -13.4 0 6
    endloop
  endfacet
  facet normal 0 0 1
    outer loop
      vertex -14.02077324468815 -3.495771391415199 6
      vertex -14.134232830603493 3.004323932316623 6
      vertex -14.134232830603493 -3.004323932316623 6
    endloop
  endfacet
  facet normal 0 0 1
    outer loop
      vertex -14.134232830603493 -3.004323932316623 6
      vertex -14.230472031026407 2.5092161672871436 6
      vertex -14.230472031026407 -2.5092161672871436 6
    endloop
  endfacet
  facet normal 0 0 1
    outer loop
      vertex -13.74276666046497 -4.46529556871799 6
      vertex -13.890231506308709 3.982959791555638 6
      vertex -13.890231506308709 -3.982959791555638 6
    endloop
  endfacet
  facet normal 0 0 1
    outer loop
      vertex -13.578558370356378 -4.942191071055913 6
      vertex -13.74276666046497 4.46529556871799 6
      vertex -13.74276666046497 -4.46529556871799 6
    endloop
  endfacet
  facet normal 0 0 1
    outer loop
      vertex -13.890231506308709 -3.982959791555638 6
      vertex -14.02077324468815 3.495771391415199 6
      vertex -14.02077324468815 -3.495771391415199 6
    endloop
  endfacet
  facet normal 0 0 1
    outer loop
      vertex -14.230472031026407 -2.5092161672871436 6
      vertex -14.309373593315692 2.0110513088729456 6
      vertex -14.309373593315692 -2.0110513088729456 6
    endloop
  endfacet
  facet normal 0 0 1
    outer loop
      vertex -14.309373593315692 -2.0110513088729456 6
      vertex -14.37084138807155 1.5104362942175928 6
      vertex -14.37084138807155 -1.5104362942175928 6
    endloop
  endfacet
  facet normal 0 0 1
    outer loop
      vertex -14.37084138807155 -1.5104362942175928 6
      vertex -14.41480052625446 1.0079810456026106 6
      vertex -14.41480052625446 -1.0079810456026106 6
    endloop
  endfacet
  facet normal 0 0 1
    outer loop
      vertex -14.41480052625446 -1.0079810456026106 6
      vertex -14.441197450425936 0.5042977273511391 6
      vertex -14.441197450425936 -0.5042977273511391 6
    endloop
  endfacet
  facet normal 0 0 1
    outer loop
      vertex -13.578558370356378 -4.942191071055913 6
      vertex -13.39780669849008 -5.413065274859929 6
      vertex -13.578558370356378 4.942191071055913 6
    endloop
  endfacet
  facet normal 0 0 1
    outer loop
      vertex -13.39780669849008 -5.413065274859929 6
      vertex -13.4 0 6
      vertex -13.578558370356378 4.942191071055913 6
    endloop
  endfacet
  facet normal -0.4539904997395473 -0.8910065241883677 0
    outer loop
      vertex -6.783864082256122 -12.758592716811496 0
      vertex -6.33446307110217 -12.987573969022964 6
      vertex -6.783864082256122 -12.758592716811496 6
    endloop
  endfacet
  facet normal -0.4226182617406981 -0.9063077870366505 0
    outer loop
      vertex -6.33446307110217 -12.987573969022964 0
      vertex -5.877344492445314 -13.200731862935584 6
      vertex -6.33446307110217 -12.987573969022964 6
    endloop
  endfacet
  facet normal -0.39073112848927427 -0.9205048534524402 0
    outer loop
      vertex -5.877344492445314 -13.200731862935584 0
      vertex -5.413065274859929 -13.39780669849008 6
      vertex -5.877344492445314 -13.200731862935584 6
    endloop
  endfacet
  facet normal -0.48480962024634 -0.8746197071393942 0
    outer loop
      vertex -7.2250000000000005 -12.514067084685138 0
      vertex -6.783864082256122 -12.758592716811496 6
      vertex -7.2250000000000005 -12.514067084685138 6
    endloop
  endfacet
  facet normal -0.3255681544571543 -0.9455185755993175 0
    outer loop
      vertex -4.942191071055913 -13.578558370356378 0
      vertex -4.46529556871799 -13.74276666046497 6
      vertex -4.942191071055913 -13.578558370356378 6
    endloop
  endfacet
  facet normal -0.35836794954530077 -0.9335804264972015 0
    outer loop
      vertex -5.413065274859929 -13.39780669849008 0
      vertex -4.942191071055913 -13.578558370356378 6
      vertex -5.413065274859929 -13.39780669849008 6
    endloop
  endfacet
  facet normal -0.2923717047227382 -0.9563047559630351 0
    outer loop
      vertex -4.46529556871799 -13.74276666046497 0
      vertex -3.982959791555638 -13.890231506308709 6
      vertex -4.46529556871799 -13.74276666046497 6
    endloop
  endfacet
  facet normal -0.25881904510252207 -0.9659258262890681 0
    outer loop
      vertex -3.982959791555638 -13.890231506308709 0
      vertex -3.495771391415199 -14.02077324468815 6
      vertex -3.982959791555638 -13.890231506308709 6
    endloop
  endfacet
  facet normal -0.2249510543438638 -0.9743700647852355 0
    outer loop
      vertex -3.495771391415199 -14.02077324468815 0
      vertex -3.004323932316623 -14.134232830603493 6
      vertex -3.495771391415199 -14.02077324468815 6
    endloop
  endfacet
  facet normal -0.1908089953765436 -0.9816271834476641 0
    outer loop
      vertex -3.004323932316623 -14.134232830603493 0
      vertex -2.5092161672871436 -14.230472031026407 6
      vertex -3.004323932316623 -14.134232830603493 6
    endloop
  endfacet
  facet normal -0.1564344650402325 -0.9876883405951375 0
    outer loop
      vertex -2.5092161672871436 -14.230472031026407 0
      vertex -2.0110513088729456 -14.309373593315692 6
      vertex -2.5092161672871436 -14.230472031026407 6
    endloop
  endfacet
  facet normal -0.12186934340514614 -0.9925461516413222 0
    outer loop
      vertex -2.0110513088729456 -14.309373593315692 0
      vertex -1.5104362942175928 -14.37084138807155 6
      vertex -2.0110513088729456 -14.309373593315692 6
    endloop
  endfacet
  facet normal -0.08715574274765614 -0.9961946980917458 0
    outer loop
      vertex -1.5104362942175928 -14.37084138807155 0
      vertex -1.0079810456026106 -14.41480052625446 6
      vertex -1.5104362942175928 -14.37084138807155 6
    endloop
  endfacet
  facet normal -0.0523359562429488 -0.9986295347545736 0
    outer loop
      vertex -1.0079810456026106 -14.41480052625446 0
      vertex -0.5042977273511391 -14.441197450425936 6
      vertex -1.0079810456026106 -14.41480052625446 6
    endloop
  endfacet
  facet normal -0.01745240643728126 -0.9998476951563913 0
    outer loop
      vertex -0.5042977273511391 -14.441197450425936 0
      vertex 0 -14.450000000000001 6
      vertex -0.5042977273511391 -14.441197450425936 6
    endloop
  endfacet
  facet normal 0 0 1
    outer loop
      vertex -6.33446307110217 -12.987573969022964 6
      vertex -5.877344492445314 -13.200731862935584 6
      vertex -6.290918941330937 -11.831497744309623 6
    endloop
  endfacet
  facet normal 0 0 1
    outer loop
      vertex -5.877344492445314 -13.200731862935584 6
      vertex -5.413065274859929 -13.39780669849008 6
      vertex -5.450271017215723 -12.241509132410853 6
    endloop
  endfacet
  facet normal 0 0 1
    outer loop
      vertex -6.783864082256122 -12.758592716811496 6
      vertex -7.1009181407249455 -11.363844488496108 6
      vertex -7.2250000000000005 -12.514067084685138 6
    endloop
  endfacet
  facet normal 0 0 1
    outer loop
      vertex -6.783864082256122 -12.758592716811496 6
      vertex -6.7 -11.604740410711477 6
      vertex -7.1009181407249455 -11.363844488496108 6
    endloop
  endfacet
  facet normal 0 0 1
    outer loop
      vertex -6.783864082256122 -12.758592716811496 6
      vertex -6.33446307110217 -12.987573969022964 6
      vertex -6.7 -11.604740410711477 6
    endloop
  endfacet
  facet normal 0 0 1
    outer loop
      vertex -6.33446307110217 -12.987573969022964 6
      vertex -6.290918941330937 -11.831497744309623 6
      vertex -6.7 -11.604740410711477 6
    endloop
  endfacet
  facet normal 0 0 1
    outer loop
      vertex -5.877344492445314 -13.200731862935584 6
      vertex -5.874173366973638 -12.043840220408839 6
      vertex -6.290918941330937 -11.831497744309623 6
    endloop
  endfacet
  facet normal 0 0 1
    outer loop
      vertex -5.877344492445314 -13.200731862935584 6
      vertex -5.450271017215723 -12.241509132410853 6
      vertex -5.874173366973638 -12.043840220408839 6
    endloop
  endfacet
  facet normal 0 0 1
    outer loop
      vertex -4.942191071055913 -13.578558370356378 6
      vertex -5.019728351773221 -12.424263651194952 6
      vertex -5.413065274859929 -13.39780669849008 6
    endloop
  endfacet
  facet normal 0 0 1
    outer loop
      vertex -5.413065274859929 -13.39780669849008 6
      vertex -5.019728351773221 -12.424263651194952 6
      vertex -5.450271017215723 -12.241509132410853 6
    endloop
  endfacet
  facet normal 0 0 1
    outer loop
      vertex -4.942191071055913 -13.578558370356378 6
      vertex -4.46529556871799 -13.74276666046497 6
      vertex -4.583069920563961 -12.591881118531173 6
    endloop
  endfacet
  facet normal 0 0 1
    outer loop
      vertex -4.942191071055913 -13.578558370356378 6
      vertex -4.583069920563961 -12.591881118531173 6
      vertex -5.019728351773221 -12.424263651194952 6
    endloop
  endfacet
  facet normal 0 0 1
    outer loop
      vertex -3.982959791555638 -13.890231506308709 6
      vertex -3.495771391415199 -14.02077324468815 6
      vertex -3.693540567947789 -12.880906725573473 6
    endloop
  endfacet
  facet normal 0 0 1
    outer loop
      vertex -4.46529556871799 -13.74276666046497 6
      vertex -3.982959791555638 -13.890231506308709 6
      vertex -4.1408277246242955 -12.744157318355057 6
    endloop
  endfacet
  facet normal 0 0 1
    outer loop
      vertex -4.46529556871799 -13.74276666046497 6
      vertex -4.1408277246242955 -12.744157318355057 6
      vertex -4.583069920563961 -12.591881118531173 6
    endloop
  endfacet
  facet normal 0 0 1
    outer loop
      vertex -3.982959791555638 -13.890231506308709 6
      vertex -3.693540567947789 -12.880906725573473 6
      vertex -4.1408277246242955 -12.744157318355057 6
    endloop
  endfacet
  facet normal 0 0 1
    outer loop
      vertex -3.495771391415199 -14.02077324468815 6
      vertex -3.004323932316623 -14.134232830603493 6
      vertex -3.2417534010355475 -13.001962732098352 6
    endloop
  endfacet
  facet normal 0 0 1
    outer loop
      vertex -3.004323932316623 -14.134232830603493 6
      vertex -2.5092161672871436 -14.230472031026407 6
      vertex -2.786016656957975 -13.107177849832997 6
    endloop
  endfacet
  facet normal 0 0 1
    outer loop
      vertex -3.495771391415199 -14.02077324468815 6
      vertex -3.2417534010355475 -13.001962732098352 6
      vertex -3.693540567947789 -12.880906725573473 6
    endloop
  endfacet
  facet normal 0 0 1
    outer loop
      vertex -3.004323932316623 -14.134232830603493 6
      vertex -2.786016656957975 -13.107177849832997 6
      vertex -3.2417534010355475 -13.001962732098352 6
    endloop
  endfacet
  facet normal 0 0 1
    outer loop
      vertex -2.5092161672871436 -14.230472031026407 6
      vertex -2.0110513088729456 -14.309373593315692 6
      vertex -2.3268855807368665 -13.196423890363588 6
    endloop
  endfacet
  facet normal 0 0 1
    outer loop
      vertex -2.0110513088729456 -14.309373593315692 6
      vertex -1.864919552864877 -13.269592121137043 6
      vertex -2.3268855807368665 -13.196423890363588 6
    endloop
  endfacet
  facet normal 0 0 1
    outer loop
      vertex -2.5092161672871436 -14.230472031026407 6
      vertex -2.3268855807368665 -13.196423890363588 6
      vertex -2.786016656957975 -13.107177849832997 6
    endloop
  endfacet
  facet normal 0 0 1
    outer loop
      vertex -2.0110513088729456 -14.309373593315692 6
      vertex -1.5104362942175928 -14.37084138807155 6
      vertex -1.864919552864877 -13.269592121137043 6
    endloop
  endfacet
  facet normal 0 0 1
    outer loop
      vertex -1.5104362942175928 -14.37084138807155 6
      vertex -1.4006814077865566 -13.326593397934863 6
      vertex -1.864919552864877 -13.269592121137043 6
    endloop
  endfacet
  facet normal 0 0 1
    outer loop
      vertex -1.5104362942175928 -14.37084138807155 6
      vertex -1.0079810456026106 -14.41480052625446 6
      vertex -1.4006814077865566 -13.326593397934863 6
    endloop
  endfacet
  facet normal 0 0 1
    outer loop
      vertex -1.0079810456026106 -14.41480052625446 6
      vertex -0.934736748171279 -13.367358273481644 6
      vertex -1.4006814077865566 -13.326593397934863 6
    endloop
  endfacet
  facet normal 0 0 1
    outer loop
      vertex -1.0079810456026106 -14.41480052625446 6
      vertex -0.5042977273511391 -14.441197450425936 6
      vertex -0.934736748171279 -13.367358273481644 6
    endloop
  endfacet
  facet normal 0 0 1
    outer loop
      vertex -0.5042977273511391 -14.441197450425936 6
      vertex -0.467653255813513 -13.391837082055883 6
      vertex -0.934736748171279 -13.367358273481644 6
    endloop
  endfacet
  facet normal 0 0 1
    outer loop
      vertex -0.5042977273511391 -14.441197450425936 6
      vertex 0 -14.450000000000001 6
      vertex -0.467653255813513 -13.391837082055883 6
    endloop
  endfacet
  facet normal 0 0 1
    outer loop
      vertex 0 -14.450000000000001 6
      vertex 0 -13.4 6
      vertex -0.467653255813513 -13.391837082055883 6
    endloop
  endfacet
  facet normal 0 0 -1
    outer loop
      vertex -14.441197450425936 -0.5042977273511391 0
      vertex -14.450000000000001 0 0
      vertex -14.441197450425936 0.5042977273511391 0
    endloop
  endfacet
  facet normal 0 0 -1
    outer loop
      vertex -14.441197450425936 -0.5042977273511391 0
      vertex -14.441197450425936 0.5042977273511391 0
      vertex -14.41480052625446 1.0079810456026106 0
    endloop
  endfacet
  facet normal 0 0 -1
    outer loop
      vertex -14.41480052625446 -1.0079810456026106 0
      vertex -14.41480052625446 1.0079810456026106 0
      vertex -14.37084138807155 1.5104362942175928 0
    endloop
  endfacet
  facet normal 0 0 -1
    outer loop
      vertex -14.37084138807155 -1.5104362942175928 0
      vertex -14.37084138807155 1.5104362942175928 0
      vertex -14.309373593315692 2.0110513088729456 0
    endloop
  endfacet
  facet normal 0 0 -1
    outer loop
      vertex -14.309373593315692 -2.0110513088729456 0
      vertex -14.309373593315692 2.0110513088729456 0
      vertex -14.230472031026407 2.5092161672871436 0
    endloop
  endfacet
  facet normal 0 0 -1
    outer loop
      vertex -14.230472031026407 -2.5092161672871436 0
      vertex -14.230472031026407 2.5092161672871436 0
      vertex -14.134232830603493 3.004323932316623 0
    endloop
  endfacet
  facet normal 0 0 -1
    outer loop
      vertex -14.134232830603493 -3.004323932316623 0
      vertex -14.134232830603493 3.004323932316623 0
      vertex -14.02077324468815 3.495771391415199 0
    endloop
  endfacet
  facet normal 0 0 -1
    outer loop
      vertex -14.02077324468815 -3.495771391415199 0
      vertex -14.02077324468815 3.495771391415199 0
      vertex -13.890231506308709 3.982959791555638 0
    endloop
  endfacet
  facet normal 0 0 -1
    outer loop
      vertex -13.890231506308709 -3.982959791555638 0
      vertex -13.890231506308709 3.982959791555638 0
      vertex -13.74276666046497 4.46529556871799 0
    endloop
  endfacet
  facet normal 0 0 -1
    outer loop
      vertex -13.74276666046497 -4.46529556871799 0
      vertex -13.74276666046497 4.46529556871799 0
      vertex -13.578558370356378 4.942191071055913 0
    endloop
  endfacet
  facet normal 0 0 -1
    outer loop
      vertex -13.578558370356378 -4.942191071055913 0
      vertex -13.39780669849008 5.413065274859929 0
      vertex -13.4 0 0
    endloop
  endfacet
  facet normal 0 0 -1
    outer loop
      vertex -13.578558370356378 -4.942191071055913 0
      vertex -13.578558370356378 4.942191071055913 0
      vertex -13.39780669849008 5.413065274859929 0
    endloop
  endfacet
  facet normal 0 0 -1
    outer loop
      vertex -13.39780669849008 5.413065274859929 0
      vertex -13.391837082055883 0.467653255813513 0
      vertex -13.4 0 0
    endloop
  endfacet
  facet normal 0 0 -1
    outer loop
      vertex -13.39780669849008 5.413065274859929 0
      vertex -13.367358273481644 0.934736748171279 0
      vertex -13.391837082055883 0.467653255813513 0
    endloop
  endfacet
  facet normal 0 0 -1
    outer loop
      vertex -13.39780669849008 5.413065274859929 0
      vertex -13.326593397934863 1.4006814077865566 0
      vertex -13.367358273481644 0.934736748171279 0
    endloop
  endfacet
  facet normal 0 0 -1
    outer loop
      vertex -13.200731862935584 5.877344492445314 0
      vertex -13.269592121137043 1.864919552864877 0
      vertex -13.326593397934863 1.4006814077865566 0
    endloop
  endfacet
  facet normal 0 0 -1
    outer loop
      vertex -13.200731862935584 5.877344492445314 0
      vertex -13.196423890363588 2.3268855807368665 0
      vertex -13.269592121137043 1.864919552864877 0
    endloop
  endfacet
  facet normal 0 0 -1
    outer loop
      vertex -13.200731862935584 5.877344492445314 0
      vertex -13.107177849832997 2.786016656957975 0
      vertex -13.196423890363588 2.3268855807368665 0
    endloop
  endfacet
  facet normal 0 0 -1
    outer loop
      vertex -13.39780669849008 5.413065274859929 0
      vertex -13.200731862935584 5.877344492445314 0
      vertex -13.326593397934863 1.4006814077865566 0
    endloop
  endfacet
  facet normal 0 0 -1
    outer loop
      vertex -12.987573969022964 6.33446307110217 0
      vertex -13.001962732098352 3.2417534010355475 0
      vertex -13.107177849832997 2.786016656957975 0
    endloop
  endfacet
  facet normal 0 0 -1
    outer loop
      vertex -12.987573969022964 6.33446307110217 0
      vertex -12.880906725573473 3.693540567947789 0
      vertex -13.001962732098352 3.2417534010355475 0
    endloop
  endfacet
  facet normal 0 0 -1
    outer loop
      vertex -13.200731862935584 5.877344492445314 0
      vertex -12.987573969022964 6.33446307110217 0
      vertex -13.107177849832997 2.786016656957975 0
    endloop
  endfacet
  facet normal 0 0 -1
    outer loop
      vertex -12.758592716811496 6.783864082256122 0
      vertex -12.744157318355057 4.1408277246242955 0
      vertex -12.880906725573473 3.693540567947789 0
    endloop
  endfacet
  facet normal 0 0 -1
    outer loop
      vertex -12.758592716811496 6.783864082256122 0
      vertex -12.591881118531173 4.583069920563961 0
      vertex -12.744157318355057 4.1408277246242955 0
    endloop
  endfacet
  facet normal 0 0 -1
    outer loop
      vertex -12.987573969022964 6.33446307110217 0
      vertex -12.758592716811496 6.783864082256122 0
      vertex -12.880906725573473 3.693540567947789 0
    endloop
  endfacet
  facet normal 0 0 -1
    outer loop
      vertex -12.514067084685138 7.2250000000000005 0
      vertex -12.424263651194952 5.019728351773221 0
      vertex -12.591881118531173 4.583069920563961 0
    endloop
  endfacet
  facet normal 0 0 -1
    outer loop
      vertex -12.758592716811496 6.783864082256122 0
      vertex -12.514067084685138 7.2250000000000005 0
      vertex -12.591881118531173 4.583069920563961 0
    endloop
  endfacet
  facet normal 0 0 -1
    outer loop
      vertex -12.254294989460355 7.6573333681698115 0
      vertex -12.241509132410853 5.450271017215723 0
      vertex -12.424263651194952 5.019728351773221 0
    endloop
  endfacet
  facet normal 0 0 -1
    outer loop
      vertex -12.514067084685138 7.2250000000000005 0
      vertex -12.254294989460355 7.6573333681698115 0
      vertex -12.424263651194952 5.019728351773221 0
    endloop
  endfacet
  facet normal 0 0 -1
    outer loop
      vertex -12.254294989460355 7.6573333681698115 0
      vertex -12.043840220408839 5.874173366973638 0
      vertex -12.241509132410853 5.450271017215723 0
    endloop
  endfacet
  facet normal 0 0 -1
    outer loop
      vertex -11.979592923420354 8.080337455152293 0
      vertex -11.831497744309623 6.290918941330937 0
      vertex -12.043840220408839 5.874173366973638 0
    endloop
  endfacet
  facet normal 0 0 -1
    outer loop
      vertex -12.254294989460355 7.6573333681698115 0
      vertex -11.979592923420354 8.080337455152293 0
      vertex -12.043840220408839 5.874173366973638 0
    endloop
  endfacet
  facet normal 0 0 -1
    outer loop
      vertex -11.69029556871799 8.493496895626237 0
      vertex -11.604740410711477 6.7 0
      vertex -11.831497744309623 6.290918941330937 0
    endloop
  endfacet
  facet normal -0.9998476951563913 0.01745240643728126 0
    outer loop
      vertex -14.450000000000001 0 0
      vertex -14.441197450425936 0.5042977273511391 6
      vertex -14.441197450425936 0.5042977273511391 0
    endloop
  endfacet
  facet normal -0.9986295347545736 0.0523359562429488 0
    outer loop
      vertex -14.441197450425936 0.5042977273511391 0
      vertex -14.41480052625446 1.0079810456026106 6
      vertex -14.41480052625446 1.0079810456026106 0
    endloop
  endfacet
  facet normal -0.9961946980917458 0.08715574274765614 0
    outer loop
      vertex -14.41480052625446 1.0079810456026106 0
      vertex -14.37084138807155 1.5104362942175928 6
      vertex -14.37084138807155 1.5104362942175928 0
    endloop
  endfacet
  facet normal -0.9925461516413222 0.12186934340514614 0
    outer loop
      vertex -14.37084138807155 1.5104362942175928 0
      vertex -14.309373593315692 2.0110513088729456 6
      vertex -14.309373593315692 2.0110513088729456 0
    endloop
  endfacet
  facet normal -0.9876883405951375 0.1564344650402325 0
    outer loop
      vertex -14.309373593315692 2.0110513088729456 0
      vertex -14.230472031026407 2.5092161672871436 6
      vertex -14.230472031026407 2.5092161672871436 0
    endloop
  endfacet
  facet normal -0.9816271834476641 0.1908089953765436 0
    outer loop
      vertex -14.230472031026407 2.5092161672871436 0
      vertex -14.134232830603493 3.004323932316623 6
      vertex -14.134232830603493 3.004323932316623 0
    endloop
  endfacet
  facet normal -0.9743700647852355 0.2249510543438638 0
    outer loop
      vertex -14.134232830603493 3.004323932316623 0
      vertex -14.02077324468815 3.495771391415199 6
      vertex -14.02077324468815 3.495771391415199 0
    endloop
  endfacet
  facet normal -0.9659258262890681 0.25881904510252207 0
    outer loop
      vertex -14.02077324468815 3.495771391415199 0
      vertex -13.890231506308709 3.982959791555638 6
      vertex -13.890231506308709 3.982959791555638 0
    endloop
  endfacet
  facet normal -0.9563047559630351 0.2923717047227382 0
    outer loop
      vertex -13.890231506308709 3.982959791555638 0
      vertex -13.74276666046497 4.46529556871799 6
      vertex -13.74276666046497 4.46529556871799 0
    endloop
  endfacet
  facet normal -0.9455185755993175 0.3255681544571543 0
    outer loop
      vertex -13.74276666046497 4.46529556871799 0
      vertex -13.578558370356378 4.942191071055913 6
      vertex -13.578558370356378 4.942191071055913 0
    endloop
  endfacet
  facet normal -0.9335804264972015 0.35836794954530077 0
    outer loop
      vertex -13.578558370356378 4.942191071055913 0
      vertex -13.39780669849008 5.413065274859929 6
      vertex -13.39780669849008 5.413065274859929 0
    endloop
  endfacet
  facet normal -0.9205048534524402 0.39073112848927427 0
    outer loop
      vertex -13.39780669849008 5.413065274859929 0
      vertex -13.200731862935584 5.877344492445314 6
      vertex -13.200731862935584 5.877344492445314 0
    endloop
  endfacet
  facet normal -0.9063077870366505 0.4226182617406981 0
    outer loop
      vertex -13.200731862935584 5.877344492445314 0
      vertex -12.987573969022964 6.33446307110217 6
      vertex -12.987573969022964 6.33446307110217 0
    endloop
  endfacet
  facet normal -0.8910065241883677 0.4539904997395473 0
    outer loop
      vertex -12.987573969022964 6.33446307110217 0
      vertex -12.758592716811496 6.783864082256122 6
      vertex -12.758592716811496 6.783864082256122 0
    endloop
  endfacet
  facet normal -0.8746197071393942 0.48480962024634 0
    outer loop
      vertex -12.758592716811496 6.783864082256122 0
      vertex -12.514067084685138 7.2250000000000005 6
      vertex -12.514067084685138 7.2250000000000005 0
    endloop
  endfacet
  facet normal 0 0 -1
    outer loop
      vertex -11.979592923420354 8.080337455152293 0
      vertex -11.69029556871799 8.493496895626237 0
      vertex -11.831497744309623 6.290918941330937 0
    endloop
  endfacet
  facet normal 0 0 -1
    outer loop
      vertex -11.386755389617132 8.896308318455763 0
      vertex -11.363844488496108 7.1009181407249455 0
      vertex -11.604740410711477 6.7 0
    endloop
  endfacet
  facet normal 0 0 -1
    outer loop
      vertex -11.69029556871799 8.493496895626237 0
      vertex -11.386755389617132 8.896308318455763 0
      vertex -11.604740410711477 6.7 0
    endloop
  endfacet
  facet normal 0 0 -1
    outer loop
      vertex -11.386755389617132 8.896308318455763 0
      vertex -11.10910347223756 7.4931849065080085 0
      vertex -11.363844488496108 7.1009181407249455 0
    endloop
  endfacet
  facet normal 0 0 -1
    outer loop
      vertex -11.386755389617132 8.896308318455763 0
      vertex -11.069342203069233 9.288280959970493 0
      vertex -11.10910347223756 7.4931849065080085 0
    endloop
  endfacet
  facet normal 0 0 -1
    outer loop
      vertex -11.069342203069233 9.288280959970493 0
      vertex -10.840827724624296 7.87632238071914 0
      vertex -11.10910347223756 7.4931849065080085 0
    endloop
  endfacet
  facet normal 0 0 -1
    outer loop
      vertex -11.069342203069233 9.288280959970493 0
      vertex -10.738442728148348 9.668937261885501 0
      vertex -10.840827724624296 7.87632238071914 0
    endloop
  endfacet
  facet normal 0 0 -1
    outer loop
      vertex -10.738442728148348 9.668937261885501 0
      vertex -10.559344098330074 8.249863769363822 0
      vertex -10.840827724624296 7.87632238071914 0
    endloop
  endfacet
  facet normal 0 0 -1
    outer loop
      vertex -10.39446011489351 10.037813453132511 0
      vertex -10.264995537794306 8.613353969799626 0
      vertex -10.559344098330074 8.249863769363822 0
    endloop
  endfacet
  facet normal 0 0 -1
    outer loop
      vertex -10.738442728148348 9.668937261885501 0
      vertex -10.39446011489351 10.037813453132511 0
      vertex -10.559344098330074 8.249863769363822 0
    endloop
  endfacet
  facet normal 0 0 -1
    outer loop
      vertex -10.037813453132511 10.39446011489351 0
      vertex -9.958140661397083 8.9663501252087 0
      vertex -10.264995537794306 8.613353969799626 0
    endloop
  endfacet
  facet normal 0 0 -1
    outer loop
      vertex -10.39446011489351 10.037813453132511 0
      vertex -10.037813453132511 10.39446011489351 0
      vertex -10.264995537794306 8.613353969799626 0
    endloop
  endfacet
  facet normal 0 0 -1
    outer loop
      vertex -9.668937261885501 10.738442728148348 0
      vertex -9.639153324537926 9.308422164150564 0
      vertex -9.958140661397083 8.9663501252087 0
    endloop
  endfacet
  facet normal 0 0 -1
    outer loop
      vertex -10.037813453132511 10.39446011489351 0
      vertex -9.668937261885501 10.738442728148348 0
      vertex -9.958140661397083 8.9663501252087 0
    endloop
  endfacet
  facet normal 0 0 -1
    outer loop
      vertex -9.668937261885501 10.738442728148348 0
      vertex -9.288280959970493 11.069342203069233 0
      vertex -9.639153324537926 9.308422164150564 0
    endloop
  endfacet
  facet normal 0 0 -1
    outer loop
      vertex -9.288280959970493 11.069342203069233 0
      vertex -9.308422164150564 9.639153324537926 0
      vertex -9.639153324537926 9.308422164150564 0
    endloop
  endfacet
  facet normal 0 0 -1
    outer loop
      vertex -9.288280959970493 11.069342203069233 0
      vertex -8.9663501252087 9.958140661397083 0
      vertex -9.308422164150564 9.639153324537926 0
    endloop
  endfacet
  facet normal 0 0 -1
    outer loop
      vertex -9.288280959970493 11.069342203069233 0
      vertex -8.896308318455763 11.386755389617132 0
      vertex -8.9663501252087 9.958140661397083 0
    endloop
  endfacet
  facet normal 0 0 -1
    outer loop
      vertex -8.896308318455763 11.386755389617132 0
      vertex -8.613353969799626 10.264995537794306 0
      vertex -8.9663501252087 9.958140661397083 0
    endloop
  endfacet
  facet normal 0 0 -1
    outer loop
      vertex -8.896308318455763 11.386755389617132 0
      vertex -8.493496895626237 11.69029556871799 0
      vertex -8.613353969799626 10.264995537794306 0
    endloop
  endfacet
  facet normal 0 0 -1
    outer loop
      vertex -8.493496895626237 11.69029556871799 0
      vertex -8.249863769363822 10.559344098330074 0
      vertex -8.613353969799626 10.264995537794306 0
    endloop
  endfacet
  facet normal 0 0 -1
    outer loop
      vertex -8.493496895626237 11.69029556871799 0
      vertex -8.080337455152293 11.979592923420354 0
      vertex -8.249863769363822 10.559344098330074 0
    endloop
  endfacet
  facet normal 0 0 -1
    outer loop
      vertex -8.080337455152293 11.979592923420354 0
      vertex -7.87632238071914 10.840827724624296 0
      vertex -8.249863769363822 10.559344098330074 0
    endloop
  endfacet
  facet normal 0 0 -1
    outer loop
      vertex -8.080337455152293 11.979592923420354 0
      vertex -7.6573333681698115 12.254294989460355 0
      vertex -7.87632238071914 10.840827724624296 0
    endloop
  endfacet
  facet normal 0 0 -1
    outer loop
      vertex -7.6573333681698115 12.254294989460355 0
      vertex -7.4931849065080085 11.10910347223756 0
      vertex -7.87632238071914 10.840827724624296 0
    endloop
  endfacet
  facet normal 0 0 -1
    outer loop
      vertex -7.2250000000000005 12.514067084685138 0
      vertex -7.1009181407249455 11.363844488496108 0
      vertex -7.4931849065080085 11.10910347223756 0
    endloop
  endfacet
  facet normal 0 0 -1
    outer loop
      vertex -7.6573333681698115 12.254294989460355 0
      vertex -7.2250000000000005 12.514067084685138 0
      vertex -7.4931849065080085 11.10910347223756 0
    endloop
  endfacet
  facet normal -0.8571673007021123 0.5150380749100539 0
    outer loop
      vertex -12.514067084685138 7.2250000000000005 0
      vertex -12.254294989460355 7.6573333681698115 6
      vertex -12.254294989460355 7.6573333681698115 0
    endloop
  endfacet
  facet normal -0.838670567945426 0.5446390350150241 0
    outer loop
      vertex -12.254294989460355 7.6573333681698115 0
      vertex -11.979592923420354 8.080337455152293 6
      vertex -11.979592923420354 8.080337455152293 0
    endloop
  endfacet
  facet normal -0.8191520442889902 0.5735764363510482 0
    outer loop
      vertex -11.979592923420354 8.080337455152293 0
      vertex -11.69029556871799 8.493496895626237 6
      vertex -11.69029556871799 8.493496895626237 0
    endloop
  endfacet
  facet normal -0.7986355100472927 0.6018150231520486 0
    outer loop
      vertex -11.69029556871799 8.493496895626237 0
      vertex -11.386755389617132 8.896308318455763 6
      vertex -11.386755389617132 8.896308318455763 0
    endloop
  endfacet
  facet normal -0.7771459614569708 0.6293203910498376 0
    outer loop
      vertex -11.386755389617132 8.896308318455763 0
      vertex -11.069342203069233 9.288280959970493 6
      vertex -11.069342203069233 9.288280959970493 0
    endloop
  endfacet
  facet normal -0.7547095802227732 0.6560590289905059 0
    outer loop
      vertex -11.069342203069233 9.288280959970493 0
      vertex -10.738442728148348 9.668937261885501 6
      vertex -10.738442728148348 9.668937261885501 0
    endloop
  endfacet
  facet normal -0.7313537016191706 0.6819983600624984 0
    outer loop
      vertex -10.738442728148348 9.668937261885501 0
      vertex -10.39446011489351 10.037813453132511 6
      vertex -10.39446011489351 10.037813453132511 0
    endloop
  endfacet
  facet normal -0.7071067811865476 0.7071067811865476 0
    outer loop
      vertex -10.39446011489351 10.037813453132511 0
      vertex -10.037813453132511 10.39446011489351 6
      vertex -10.037813453132511 10.39446011489351 0
    endloop
  endfacet
  facet normal -0.6819983600624984 0.7313537016191706 0
    outer loop
      vertex -10.037813453132511 10.39446011489351 0
      vertex -10.037813453132511 10.39446011489351 6
      vertex -9.668937261885501 10.738442728148348 0
    endloop
  endfacet
  facet normal -0.6560590289905059 0.7547095802227732 0
    outer loop
      vertex -9.668937261885501 10.738442728148348 0
      vertex -9.668937261885501 10.738442728148348 6
      vertex -9.288280959970493 11.069342203069233 0
    endloop
  endfacet
  facet normal -0.6293203910498376 0.7771459614569708 0
    outer loop
      vertex -9.288280959970493 11.069342203069233 0
      vertex -9.288280959970493 11.069342203069233 6
      vertex -8.896308318455763 11.386755389617132 0
    endloop
  endfacet
  facet normal -0.6018150231520486 0.7986355100472927 0
    outer loop
      vertex -8.896308318455763 11.386755389617132 0
      vertex -8.896308318455763 11.386755389617132 6
      vertex -8.493496895626237 11.69029556871799 0
    endloop
  endfacet
  facet normal -0.5735764363510482 0.8191520442889902 0
    outer loop
      vertex -8.493496895626237 11.69029556871799 0
      vertex -8.493496895626237 11.69029556871799 6
      vertex -8.080337455152293 11.979592923420354 0
    endloop
  endfacet
  facet normal -0.5446390350150241 0.838670567945426 0
    outer loop
      vertex -8.080337455152293 11.979592923420354 0
      vertex -8.080337455152293 11.979592923420354 6
      vertex -7.6573333681698115 12.254294989460355 0
    endloop
  endfacet
  facet normal -0.5150380749100539 0.8571673007021123 0
    outer loop
      vertex -7.6573333681698115 12.254294989460355 0
      vertex -7.6573333681698115 12.254294989460355 6
      vertex -7.2250000000000005 12.514067084685138 0
    endloop
  endfacet
  facet normal 0 0 -1
    outer loop
      vertex -6.783864082256122 12.758592716811496 0
      vertex -6.7 11.604740410711477 0
      vertex -7.1009181407249455 11.363844488496108 0
    endloop
  endfacet
  facet normal 0 0 -1
    outer loop
      vertex -7.2250000000000005 12.514067084685138 0
      vertex -6.783864082256122 12.758592716811496 0
      vertex -7.1009181407249455 11.363844488496108 0
    endloop
  endfacet
  facet normal 0 0 -1
    outer loop
      vertex -6.33446307110217 12.987573969022964 0
      vertex -6.290918941330937 11.831497744309623 0
      vertex -6.7 11.604740410711477 0
    endloop
  endfacet
  facet normal 0 0 -1
    outer loop
      vertex -6.783864082256122 12.758592716811496 0
      vertex -6.33446307110217 12.987573969022964 0
      vertex -6.7 11.604740410711477 0
    endloop
  endfacet
  facet normal 0 0 -1
    outer loop
      vertex -5.877344492445314 13.200731862935584 0
      vertex -5.874173366973638 12.043840220408839 0
      vertex -6.290918941330937 11.831497744309623 0
    endloop
  endfacet
  facet normal 0 0 -1
    outer loop
      vertex -5.877344492445314 13.200731862935584 0
      vertex -5.450271017215723 12.241509132410853 0
      vertex -5.874173366973638 12.043840220408839 0
    endloop
  endfacet
  facet normal 0 0 -1
    outer loop
      vertex -6.33446307110217 12.987573969022964 0
      vertex -5.877344492445314 13.200731862935584 0
      vertex -6.290918941330937 11.831497744309623 0
    endloop
  endfacet
  facet normal 0 0 -1
    outer loop
      vertex -5.877344492445314 13.200731862935584 0
      vertex -5.413065274859929 13.39780669849008 0
      vertex -5.450271017215723 12.241509132410853 0
    endloop
  endfacet
  facet normal 0 0 -1
    outer loop
      vertex -5.413065274859929 13.39780669849008 0
      vertex -5.019728351773221 12.424263651194952 0
      vertex -5.450271017215723 12.241509132410853 0
    endloop
  endfacet
  facet normal 0 0 -1
    outer loop
      vertex -5.413065274859929 13.39780669849008 0
      vertex -4.942191071055913 13.578558370356378 0
      vertex -5.019728351773221 12.424263651194952 0
    endloop
  endfacet
  facet normal 0 0 -1
    outer loop
      vertex -4.942191071055913 13.578558370356378 0
      vertex -4.583069920563961 12.591881118531173 0
      vertex -5.019728351773221 12.424263651194952 0
    endloop
  endfacet
  facet normal 0 0 -1
    outer loop
      vertex -4.942191071055913 13.578558370356378 0
      vertex -4.46529556871799 13.74276666046497 0
      vertex -4.583069920563961 12.591881118531173 0
    endloop
  endfacet
  facet normal 0 0 -1
    outer loop
      vertex -4.46529556871799 13.74276666046497 0
      vertex -4.1408277246242955 12.744157318355057 0
      vertex -4.583069920563961 12.591881118531173 0
    endloop
  endfacet
  facet normal 0 0 -1
    outer loop
      vertex -4.46529556871799 13.74276666046497 0
      vertex -3.982959791555638 13.890231506308709 0
      vertex -4.1408277246242955 12.744157318355057 0
    endloop
  endfacet
  facet normal 0 0 -1
    outer loop
      vertex -3.982959791555638 13.890231506308709 0
      vertex -3.693540567947789 12.880906725573473 0
      vertex -4.1408277246242955 12.744157318355057 0
    endloop
  endfacet
  facet normal 0 0 -1
    outer loop
      vertex -3.982959791555638 13.890231506308709 0
      vertex -3.495771391415199 14.02077324468815 0
      vertex -3.693540567947789 12.880906725573473 0
    endloop
  endfacet
  facet normal 0 0 -1
    outer loop
      vertex -3.495771391415199 14.02077324468815 0
      vertex -3.2417534010355475 13.001962732098352 0
      vertex -3.693540567947789 12.880906725573473 0
    endloop
  endfacet
  facet normal 0 0 -1
    outer loop
      vertex -3.004323932316623 14.134232830603493 0
      vertex -2.786016656957975 13.107177849832997 0
      vertex -3.2417534010355475 13.001962732098352 0
    endloop
  endfacet
  facet normal 0 0 -1
    outer loop
      vertex -3.495771391415199 14.02077324468815 0
      vertex -3.004323932316623 14.134232830603493 0
      vertex -3.2417534010355475 13.001962732098352 0
    endloop
  endfacet
  facet normal 0 0 -1
    outer loop
      vertex -3.004323932316623 14.134232830603493 0
      vertex -2.5092161672871436 14.230472031026407 0
      vertex -2.786016656957975 13.107177849832997 0
    endloop
  endfacet
  facet normal 0 0 -1
    outer loop
      vertex -2.5092161672871436 14.230472031026407 0
      vertex -2.3268855807368665 13.196423890363588 0
      vertex -2.786016656957975 13.107177849832997 0
    endloop
  endfacet
  facet normal 0 0 -1
    outer loop
      vertex -2.5092161672871436 14.230472031026407 0
      vertex -2.0110513088729456 14.309373593315692 0
      vertex -2.3268855807368665 13.196423890363588 0
    endloop
  endfacet
  facet normal 0 0 -1
    outer loop
      vertex -2.0110513088729456 14.309373593315692 0
      vertex -1.864919552864877 13.269592121137043 0
      vertex -2.3268855807368665 13.196423890363588 0
    endloop
  endfacet
  facet normal 0 0 -1
    outer loop
      vertex -1.5104362942175928 14.37084138807155 0
      vertex -1.4006814077865566 13.326593397934863 0
      vertex -1.864919552864877 13.269592121137043 0
    endloop
  endfacet
  facet normal 0 0 -1
    outer loop
      vertex -2.0110513088729456 14.309373593315692 0
      vertex -1.5104362942175928 14.37084138807155 0
      vertex -1.864919552864877 13.269592121137043 0
    endloop
  endfacet
  facet normal 0 0 -1
    outer loop
      vertex -1.0079810456026106 14.41480052625446 0
      vertex -0.934736748171279 13.367358273481644 0
      vertex -1.4006814077865566 13.326593397934863 0
    endloop
  endfacet
  facet normal 0 0 -1
    outer loop
      vertex -1.5104362942175928 14.37084138807155 0
      vertex -1.0079810456026106 14.41480052625446 0
      vertex -1.4006814077865566 13.326593397934863 0
    endloop
  endfacet
  facet normal 0 0 -1
    outer loop
      vertex -0.5042977273511391 14.441197450425936 0
      vertex -0.467653255813513 13.391837082055883 0
      vertex -0.934736748171279 13.367358273481644 0
    endloop
  endfacet
  facet normal 0 0 -1
    outer loop
      vertex -1.0079810456026106 14.41480052625446 0
      vertex -0.5042977273511391 14.441197450425936 0
      vertex -0.934736748171279 13.367358273481644 0
    endloop
  endfacet
  facet normal 0 0 -1
    outer loop
      vertex 0 14.450000000000001 0
      vertex 0 13.4 0
      vertex -0.467653255813513 13.391837082055883 0
    endloop
  endfacet
  facet normal 0 0 -1
    outer loop
      vertex -0.5042977273511391 14.441197450425936 0
      vertex 0 14.450000000000001 0
      vertex -0.467653255813513 13.391837082055883 0
    endloop
  endfacet
  facet normal -0.48480962024634 0.8746197071393942 0
    outer loop
      vertex -7.2250000000000005 12.514067084685138 0
      vertex -7.2250000000000005 12.514067084685138 6
      vertex -6.783864082256122 12.758592716811496 0
    endloop
  endfacet
  facet normal -0.4539904997395473 0.8910065241883677 0
    outer loop
      vertex -6.783864082256122 12.758592716811496 0
      vertex -6.783864082256122 12.758592716811496 6
      vertex -6.33446307110217 12.987573969022964 0
    endloop
  endfacet
  facet normal -0.4226182617406981 0.9063077870366505 0
    outer loop
      vertex -6.33446307110217 12.987573969022964 0
      vertex -6.33446307110217 12.987573969022964 6
      vertex -5.877344492445314 13.200731862935584 0
    endloop
  endfacet
  facet normal -0.39073112848927427 0.9205048534524402 0
    outer loop
      vertex -5.877344492445314 13.200731862935584 0
      vertex -5.877344492445314 13.200731862935584 6
      vertex -5.413065274859929 13.39780669849008 0
    endloop
  endfacet
  facet normal -0.35836794954530077 0.9335804264972015 0
    outer loop
      vertex -5.413065274859929 13.39780669849008 0
      vertex -5.413065274859929 13.39780669849008 6
      vertex -4.942191071055913 13.578558370356378 0
    endloop
  endfacet
  facet normal -0.3255681544571543 0.9455185755993175 0
    outer loop
      vertex -4.942191071055913 13.578558370356378 0
      vertex -4.942191071055913 13.578558370356378 6
      vertex -4.46529556871799 13.74276666046497 0
    endloop
  endfacet
  facet normal -0.2923717047227382 0.9563047559630351 0
    outer loop
      vertex -4.46529556871799 13.74276666046497 0
      vertex -4.46529556871799 13.74276666046497 6
      vertex -3.982959791555638 13.890231506308709 0
    endloop
  endfacet
  facet normal -0.25881904510252207 0.9659258262890681 0
    outer loop
      vertex -3.982959791555638 13.890231506308709 0
      vertex -3.982959791555638 13.890231506308709 6
      vertex -3.495771391415199 14.02077324468815 0
    endloop
  endfacet
  facet normal -0.2249510543438638 0.9743700647852355 0
    outer loop
      vertex -3.495771391415199 14.02077324468815 0
      vertex -3.495771391415199 14.02077324468815 6
      vertex -3.004323932316623 14.134232830603493 0
    endloop
  endfacet
  facet normal -0.1908089953765436 0.9816271834476641 0
    outer loop
      vertex -3.004323932316623 14.134232830603493 0
      vertex -3.004323932316623 14.134232830603493 6
      vertex -2.5092161672871436 14.230472031026407 0
    endloop
  endfacet
  facet normal -0.1564344650402325 0.9876883405951375 0
    outer loop
      vertex -2.5092161672871436 14.230472031026407 0
      vertex -2.5092161672871436 14.230472031026407 6
      vertex -2.0110513088729456 14.309373593315692 0
    endloop
  endfacet
  facet normal -0.12186934340514614 0.9925461516413222 0
    outer loop
      vertex -2.0110513088729456 14.309373593315692 0
      vertex -2.0110513088729456 14.309373593315692 6
      vertex -1.5104362942175928 14.37084138807155 0
    endloop
  endfacet
  facet normal -0.08715574274765614 0.9961946980917458 0
    outer loop
      vertex -1.5104362942175928 14.37084138807155 0
      vertex -1.5104362942175928 14.37084138807155 6
      vertex -1.0079810456026106 14.41480052625446 0
    endloop
  endfacet
  facet normal -0.0523359562429488 0.9986295347545736 0
    outer loop
      vertex -1.0079810456026106 14.41480052625446 0
      vertex -1.0079810456026106 14.41480052625446 6
      vertex -0.5042977273511391 14.441197450425936 0
    endloop
  endfacet
  facet normal -0.01745240643728126 0.9998476951563913 0
    outer loop
      vertex -0.5042977273511391 14.441197450425936 0
      vertex -0.5042977273511391 14.441197450425936 6
      vertex 0 14.450000000000001 0
    endloop
  endfacet
  facet normal -0.9998476951563913 0.01745240643728126 0
    outer loop
      vertex -14.450000000000001 0 0
      vertex -14.450000000000001 0 6
      vertex -14.441197450425936 0.5042977273511391 6
    endloop
  endfacet
  facet normal -0.9986295347545736 0.0523359562429488 0
    outer loop
      vertex -14.441197450425936 0.5042977273511391 0
      vertex -14.441197450425936 0.5042977273511391 6
      vertex -14.41480052625446 1.0079810456026106 6
    endloop
  endfacet
  facet normal -0.9961946980917458 0.08715574274765614 0
    outer loop
      vertex -14.41480052625446 1.0079810456026106 0
      vertex -14.41480052625446 1.0079810456026106 6
      vertex -14.37084138807155 1.5104362942175928 6
    endloop
  endfacet
  facet normal -0.9925461516413222 0.12186934340514614 0
    outer loop
      vertex -14.37084138807155 1.5104362942175928 0
      vertex -14.37084138807155 1.5104362942175928 6
      vertex -14.309373593315692 2.0110513088729456 6
    endloop
  endfacet
  facet normal -0.9876883405951375 0.1564344650402325 0
    outer loop
      vertex -14.309373593315692 2.0110513088729456 0
      vertex -14.309373593315692 2.0110513088729456 6
      vertex -14.230472031026407 2.5092161672871436 6
    endloop
  endfacet
  facet normal -0.9816271834476641 0.1908089953765436 0
    outer loop
      vertex -14.230472031026407 2.5092161672871436 0
      vertex -14.230472031026407 2.5092161672871436 6
      vertex -14.134232830603493 3.004323932316623 6
    endloop
  endfacet
  facet normal -0.9743700647852355 0.2249510543438638 0
    outer loop
      vertex -14.134232830603493 3.004323932316623 0
      vertex -14.134232830603493 3.004323932316623 6
      vertex -14.02077324468815 3.495771391415199 6
    endloop
  endfacet
  facet normal -0.9659258262890681 0.25881904510252207 0
    outer loop
      vertex -14.02077324468815 3.495771391415199 0
      vertex -14.02077324468815 3.495771391415199 6
      vertex -13.890231506308709 3.982959791555638 6
    endloop
  endfacet
  facet normal -0.9563047559630351 0.2923717047227382 0
    outer loop
      vertex -13.890231506308709 3.982959791555638 0
      vertex -13.890231506308709 3.982959791555638 6
      vertex -13.74276666046497 4.46529556871799 6
    endloop
  endfacet
  facet normal -0.9455185755993175 0.3255681544571543 0
    outer loop
      vertex -13.74276666046497 4.46529556871799 0
      vertex -13.74276666046497 4.46529556871799 6
      vertex -13.578558370356378 4.942191071055913 6
    endloop
  endfacet
  facet normal -0.9335804264972015 0.35836794954530077 0
    outer loop
      vertex -13.578558370356378 4.942191071055913 0
      vertex -13.578558370356378 4.942191071055913 6
      vertex -13.39780669849008 5.413065274859929 6
    endloop
  endfacet
  facet normal -0.9205048534524402 0.39073112848927427 0
    outer loop
      vertex -13.39780669849008 5.413065274859929 0
      vertex -13.39780669849008 5.413065274859929 6
      vertex -13.200731862935584 5.877344492445314 6
    endloop
  endfacet
  facet normal -0.9063077870366505 0.4226182617406981 0
    outer loop
      vertex -13.200731862935584 5.877344492445314 0
      vertex -13.200731862935584 5.877344492445314 6
      vertex -12.987573969022964 6.33446307110217 6
    endloop
  endfacet
  facet normal -0.8910065241883677 0.4539904997395473 0
    outer loop
      vertex -12.987573969022964 6.33446307110217 0
      vertex -12.987573969022964 6.33446307110217 6
      vertex -12.758592716811496 6.783864082256122 6
    endloop
  endfacet
  facet normal -0.8746197071393942 0.48480962024634 0
    outer loop
      vertex -12.758592716811496 6.783864082256122 0
      vertex -12.758592716811496 6.783864082256122 6
      vertex -12.514067084685138 7.2250000000000005 6
    endloop
  endfacet
  facet normal 0 0 1
    outer loop
      vertex -14.441197450425936 -0.5042977273511391 6
      vertex -14.441197450425936 0.5042977273511391 6
      vertex -14.450000000000001 0 6
    endloop
  endfacet
  facet normal 0 0 1
    outer loop
      vertex -14.41480052625446 -1.0079810456026106 6
      vertex -14.41480052625446 1.0079810456026106 6
      vertex -14.441197450425936 0.5042977273511391 6
    endloop
  endfacet
  facet normal 0 0 1
    outer loop
      vertex -14.37084138807155 -1.5104362942175928 6
      vertex -14.37084138807155 1.5104362942175928 6
      vertex -14.41480052625446 1.0079810456026106 6
    endloop
  endfacet
  facet normal 0 0 1
    outer loop
      vertex -14.309373593315692 -2.0110513088729456 6
      vertex -14.309373593315692 2.0110513088729456 6
      vertex -14.37084138807155 1.5104362942175928 6
    endloop
  endfacet
  facet normal 0 0 1
    outer loop
      vertex -14.230472031026407 -2.5092161672871436 6
      vertex -14.230472031026407 2.5092161672871436 6
      vertex -14.309373593315692 2.0110513088729456 6
    endloop
  endfacet
  facet normal 0 0 1
    outer loop
      vertex -14.134232830603493 -3.004323932316623 6
      vertex -14.134232830603493 3.004323932316623 6
      vertex -14.230472031026407 2.5092161672871436 6
    endloop
  endfacet
  facet normal 0 0 1
    outer loop
      vertex -14.02077324468815 -3.495771391415199 6
      vertex -14.02077324468815 3.495771391415199 6
      vertex -14.134232830603493 3.004323932316623 6
    endloop
  endfacet
  facet normal 0 0 1
    outer loop
      vertex -13.890231506308709 -3.982959791555638 6
      vertex -13.890231506308709 3.982959791555638 6
      vertex -14.02077324468815 3.495771391415199 6
    endloop
  endfacet
  facet normal 0 0 1
    outer loop
      vertex -13.74276666046497 -4.46529556871799 6
      vertex -13.74276666046497 4.46529556871799 6
      vertex -13.890231506308709 3.982959791555638 6
    endloop
  endfacet
  facet normal 0 0 1
    outer loop
      vertex -13.578558370356378 -4.942191071055913 6
      vertex -13.578558370356378 4.942191071055913 6
      vertex -13.74276666046497 4.46529556871799 6
    endloop
  endfacet
  facet normal 0 0 1
    outer loop
      vertex -13.578558370356378 4.942191071055913 6
      vertex -13.4 0 6
      vertex -13.391837082055883 0.467653255813513 6
    endloop
  endfacet
  facet normal 0 0 1
    outer loop
      vertex -13.39780669849008 5.413065274859929 6
      vertex -13.391837082055883 0.467653255813513 6
      vertex -13.367358273481644 0.934736748171279 6
    endloop
  endfacet
  facet normal 0 0 1
    outer loop
      vertex -13.39780669849008 5.413065274859929 6
      vertex -13.367358273481644 0.934736748171279 6
      vertex -13.326593397934863 1.4006814077865566 6
    endloop
  endfacet
  facet normal 0 0 1
    outer loop
      vertex -13.39780669849008 5.413065274859929 6
      vertex -13.326593397934863 1.4006814077865566 6
      vertex -13.269592121137043 1.864919552864877 6
    endloop
  endfacet
  facet normal 0 0 1
    outer loop
      vertex -13.578558370356378 4.942191071055913 6
      vertex -13.391837082055883 0.467653255813513 6
      vertex -13.39780669849008 5.413065274859929 6
    endloop
  endfacet
  facet normal 0 0 1
    outer loop
      vertex -13.39780669849008 5.413065274859929 6
      vertex -13.269592121137043 1.864919552864877 6
      vertex -13.196423890363588 2.3268855807368665 6
    endloop
  endfacet
  facet normal 0 0 1
    outer loop
      vertex -13.200731862935584 5.877344492445314 6
      vertex -13.196423890363588 2.3268855807368665 6
      vertex -13.107177849832997 2.786016656957975 6
    endloop
  endfacet
  facet normal 0 0 1
    outer loop
      vertex -13.200731862935584 5.877344492445314 6
      vertex -13.107177849832997 2.786016656957975 6
      vertex -13.001962732098352 3.2417534010355475 6
    endloop
  endfacet
  facet normal 0 0 1
    outer loop
      vertex -13.200731862935584 5.877344492445314 6
      vertex -13.001962732098352 3.2417534010355475 6
      vertex -12.880906725573473 3.693540567947789 6
    endloop
  endfacet
  facet normal 0 0 1
    outer loop
      vertex -13.39780669849008 5.413065274859929 6
      vertex -13.196423890363588 2.3268855807368665 6
      vertex -13.200731862935584 5.877344492445314 6
    endloop
  endfacet
  facet normal 0 0 1
    outer loop
      vertex -12.987573969022964 6.33446307110217 6
      vertex -12.880906725573473 3.693540567947789 6
      vertex -12.744157318355057 4.1408277246242955 6
    endloop
  endfacet
  facet normal 0 0 1
    outer loop
      vertex -13.200731862935584 5.877344492445314 6
      vertex -12.880906725573473 3.693540567947789 6
      vertex -12.987573969022964 6.33446307110217 6
    endloop
  endfacet
  facet normal 0 0 1
    outer loop
      vertex -12.758592716811496 6.783864082256122 6
      vertex -12.744157318355057 4.1408277246242955 6
      vertex -12.591881118531173 4.583069920563961 6
    endloop
  endfacet
  facet normal 0 0 1
    outer loop
      vertex -12.987573969022964 6.33446307110217 6
      vertex -12.744157318355057 4.1408277246242955 6
      vertex -12.758592716811496 6.783864082256122 6
    endloop
  endfacet
  facet normal 0 0 1
    outer loop
      vertex -12.758592716811496 6.783864082256122 6
      vertex -12.591881118531173 4.583069920563961 6
      vertex -12.424263651194952 5.019728351773221 6
    endloop
  endfacet
  facet normal 0 0 1
    outer loop
      vertex -12.514067084685138 7.2250000000000005 6
      vertex -12.424263651194952 5.019728351773221 6
      vertex -12.241509132410853 5.450271017215723 6
    endloop
  endfacet
  facet normal 0 0 1
    outer loop
      vertex -12.758592716811496 6.783864082256122 6
      vertex -12.424263651194952 5.019728351773221 6
      vertex -12.514067084685138 7.2250000000000005 6
    endloop
  endfacet
  facet normal 0 0 1
    outer loop
      vertex -12.514067084685138 7.2250000000000005 6
      vertex -12.241509132410853 5.450271017215723 6
      vertex -12.254294989460355 7.6573333681698115 6
    endloop
  endfacet
  facet normal 0 0 1
    outer loop
      vertex -12.254294989460355 7.6573333681698115 6
      vertex -12.241509132410853 5.450271017215723 6
      vertex -12.043840220408839 5.874173366973638 6
    endloop
  endfacet
  facet normal 0 0 1
    outer loop
      vertex -12.254294989460355 7.6573333681698115 6
      vertex -12.043840220408839 5.874173366973638 6
      vertex -11.831497744309623 6.290918941330937 6
    endloop
  endfacet
  facet normal 0 0 1
    outer loop
      vertex -11.979592923420354 8.080337455152293 6
      vertex -11.831497744309623 6.290918941330937 6
      vertex -11.604740410711477 6.7 6
    endloop
  endfacet
  facet normal -0.8571673007021123 0.5150380749100539 0
    outer loop
      vertex -12.514067084685138 7.2250000000000005 0
      vertex -12.514067084685138 7.2250000000000005 6
      vertex -12.254294989460355 7.6573333681698115 6
    endloop
  endfacet
  facet normal -0.838670567945426 0.5446390350150241 0
    outer loop
      vertex -12.254294989460355 7.6573333681698115 0
      vertex -12.254294989460355 7.6573333681698115 6
      vertex -11.979592923420354 8.080337455152293 6
    endloop
  endfacet
  facet normal -0.8191520442889902 0.5735764363510482 0
    outer loop
      vertex -11.979592923420354 8.080337455152293 0
      vertex -11.979592923420354 8.080337455152293 6
      vertex -11.69029556871799 8.493496895626237 6
    endloop
  endfacet
  facet normal -0.7986355100472927 0.6018150231520486 0
    outer loop
      vertex -11.69029556871799 8.493496895626237 0
      vertex -11.69029556871799 8.493496895626237 6
      vertex -11.386755389617132 8.896308318455763 6
    endloop
  endfacet
  facet normal -0.7771459614569708 0.6293203910498376 0
    outer loop
      vertex -11.386755389617132 8.896308318455763 0
      vertex -11.386755389617132 8.896308318455763 6
      vertex -11.069342203069233 9.288280959970493 6
    endloop
  endfacet
  facet normal -0.7547095802227732 0.6560590289905059 0
    outer loop
      vertex -11.069342203069233 9.288280959970493 0
      vertex -11.069342203069233 9.288280959970493 6
      vertex -10.738442728148348 9.668937261885501 6
    endloop
  endfacet
  facet normal -0.7313537016191706 0.6819983600624984 0
    outer loop
      vertex -10.738442728148348 9.668937261885501 0
      vertex -10.738442728148348 9.668937261885501 6
      vertex -10.39446011489351 10.037813453132511 6
    endloop
  endfacet
  facet normal -0.7071067811865476 0.7071067811865476 0
    outer loop
      vertex -10.39446011489351 10.037813453132511 0
      vertex -10.39446011489351 10.037813453132511 6
      vertex -10.037813453132511 10.39446011489351 6
    endloop
  endfacet
  facet normal -0.6819983600624984 0.7313537016191706 0
    outer loop
      vertex -9.668937261885501 10.738442728148348 0
      vertex -10.037813453132511 10.39446011489351 6
      vertex -9.668937261885501 10.738442728148348 6
    endloop
  endfacet
  facet normal -0.6560590289905059 0.7547095802227732 0
    outer loop
      vertex -9.288280959970493 11.069342203069233 0
      vertex -9.668937261885501 10.738442728148348 6
      vertex -9.288280959970493 11.069342203069233 6
    endloop
  endfacet
  facet normal -0.6293203910498376 0.7771459614569708 0
    outer loop
      vertex -8.896308318455763 11.386755389617132 0
      vertex -9.288280959970493 11.069342203069233 6
      vertex -8.896308318455763 11.386755389617132 6
    endloop
  endfacet
  facet normal -0.6018150231520486 0.7986355100472927 0
    outer loop
      vertex -8.493496895626237 11.69029556871799 0
      vertex -8.896308318455763 11.386755389617132 6
      vertex -8.493496895626237 11.69029556871799 6
    endloop
  endfacet
  facet normal -0.5735764363510482 0.8191520442889902 0
    outer loop
      vertex -8.080337455152293 11.979592923420354 0
      vertex -8.493496895626237 11.69029556871799 6
      vertex -8.080337455152293 11.979592923420354 6
    endloop
  endfacet
  facet normal -0.5446390350150241 0.838670567945426 0
    outer loop
      vertex -7.6573333681698115 12.254294989460355 0
      vertex -8.080337455152293 11.979592923420354 6
      vertex -7.6573333681698115 12.254294989460355 6
    endloop
  endfacet
  facet normal -0.5150380749100539 0.8571673007021123 0
    outer loop
      vertex -7.2250000000000005 12.514067084685138 0
      vertex -7.6573333681698115 12.254294989460355 6
      vertex -7.2250000000000005 12.514067084685138 6
    endloop
  endfacet
  facet normal 0 0 1
    outer loop
      vertex -12.254294989460355 7.6573333681698115 6
      vertex -11.831497744309623 6.290918941330937 6
      vertex -11.979592923420354 8.080337455152293 6
    endloop
  endfacet
  facet normal 0 0 1
    outer loop
      vertex -11.979592923420354 8.080337455152293 6
      vertex -11.604740410711477 6.7 6
      vertex -11.69029556871799 8.493496895626237 6
    endloop
  endfacet
  facet normal 0 0 1
    outer loop
      vertex -11.69029556871799 8.493496895626237 6
      vertex -11.604740410711477 6.7 6
      vertex -11.363844488496108 7.1009181407249455 6
    endloop
  endfacet
  facet normal 0 0 1
    outer loop
      vertex -11.386755389617132 8.896308318455763 6
      vertex -11.363844488496108 7.1009181407249455 6
      vertex -11.10910347223756 7.4931849065080085 6
    endloop
  endfacet
  facet normal 0 0 1
    outer loop
      vertex -11.386755389617132 8.896308318455763 6
      vertex -11.10910347223756 7.4931849065080085 6
      vertex -10.840827724624296 7.87632238071914 6
    endloop
  endfacet
  facet normal 0 0 1
    outer loop
      vertex -11.69029556871799 8.493496895626237 6
      vertex -11.363844488496108 7.1009181407249455 6
      vertex -11.386755389617132 8.896308318455763 6
    endloop
  endfacet
  facet normal 0 0 1
    outer loop
      vertex -11.386755389617132 8.896308318455763 6
      vertex -10.840827724624296 7.87632238071914 6
      vertex -11.069342203069233 9.288280959970493 6
    endloop
  endfacet
  facet normal 0 0 1
    outer loop
      vertex -11.069342203069233 9.288280959970493 6
      vertex -10.840827724624296 7.87632238071914 6
      vertex -10.559344098330074 8.249863769363822 6
    endloop
  endfacet
  facet normal 0 0 1
    outer loop
      vertex -10.738442728148348 9.668937261885501 6
      vertex -10.559344098330074 8.249863769363822 6
      vertex -10.264995537794306 8.613353969799626 6
    endloop
  endfacet
  facet normal 0 0 1
    outer loop
      vertex -11.069342203069233 9.288280959970493 6
      vertex -10.559344098330074 8.249863769363822 6
      vertex -10.738442728148348 9.668937261885501 6
    endloop
  endfacet
  facet normal 0 0 1
    outer loop
      vertex -10.738442728148348 9.668937261885501 6
      vertex -10.264995537794306 8.613353969799626 6
      vertex -10.39446011489351 10.037813453132511 6
    endloop
  endfacet
  facet normal 0 0 1
    outer loop
      vertex -10.39446011489351 10.037813453132511 6
      vertex -10.264995537794306 8.613353969799626 6
      vertex -9.958140661397083 8.9663501252087 6
    endloop
  endfacet
  facet normal 0 0 1
    outer loop
      vertex -10.39446011489351 10.037813453132511 6
      vertex -9.958140661397083 8.9663501252087 6
      vertex -10.037813453132511 10.39446011489351 6
    endloop
  endfacet
  facet normal 0 0 1
    outer loop
      vertex -10.037813453132511 10.39446011489351 6
      vertex -9.958140661397083 8.9663501252087 6
      vertex -9.639153324537926 9.308422164150564 6
    endloop
  endfacet
  facet normal 0 0 1
    outer loop
      vertex -9.668937261885501 10.738442728148348 6
      vertex -9.639153324537926 9.308422164150564 6
      vertex -9.308422164150564 9.639153324537926 6
    endloop
  endfacet
  facet normal 0 0 1
    outer loop
      vertex -10.037813453132511 10.39446011489351 6
      vertex -9.639153324537926 9.308422164150564 6
      vertex -9.668937261885501 10.738442728148348 6
    endloop
  endfacet
  facet normal 0 0 1
    outer loop
      vertex -9.668937261885501 10.738442728148348 6
      vertex -9.308422164150564 9.639153324537926 6
      vertex -8.9663501252087 9.958140661397083 6
    endloop
  endfacet
  facet normal 0 0 1
    outer loop
      vertex -9.668937261885501 10.738442728148348 6
      vertex -8.9663501252087 9.958140661397083 6
      vertex -9.288280959970493 11.069342203069233 6
    endloop
  endfacet
  facet normal 0 0 1
    outer loop
      vertex -9.288280959970493 11.069342203069233 6
      vertex -8.9663501252087 9.958140661397083 6
      vertex -8.613353969799626 10.264995537794306 6
    endloop
  endfacet
  facet normal 0 0 1
    outer loop
      vertex -8.896308318455763 11.386755389617132 6
      vertex -8.613353969799626 10.264995537794306 6
      vertex -8.249863769363822 10.559344098330074 6
    endloop
  endfacet
  facet normal 0 0 1
    outer loop
      vertex -9.288280959970493 11.069342203069233 6
      vertex -8.613353969799626 10.264995537794306 6
      vertex -8.896308318455763 11.386755389617132 6
    endloop
  endfacet
  facet normal 0 0 1
    outer loop
      vertex -8.896308318455763 11.386755389617132 6
      vertex -8.249863769363822 10.559344098330074 6
      vertex -8.493496895626237 11.69029556871799 6
    endloop
  endfacet
  facet normal 0 0 1
    outer loop
      vertex -8.493496895626237 11.69029556871799 6
      vertex -8.249863769363822 10.559344098330074 6
      vertex -7.87632238071914 10.840827724624296 6
    endloop
  endfacet
  facet normal 0 0 1
    outer loop
      vertex -8.493496895626237 11.69029556871799 6
      vertex -7.87632238071914 10.840827724624296 6
      vertex -8.080337455152293 11.979592923420354 6
    endloop
  endfacet
  facet normal 0 0 1
    outer loop
      vertex -8.080337455152293 11.979592923420354 6
      vertex -7.87632238071914 10.840827724624296 6
      vertex -7.4931849065080085 11.10910347223756 6
    endloop
  endfacet
  facet normal 0 0 1
    outer loop
      vertex -7.6573333681698115 12.254294989460355 6
      vertex -7.4931849065080085 11.10910347223756 6
      vertex -7.1009181407249455 11.363844488496108 6
    endloop
  endfacet
  facet normal 0 0 1
    outer loop
      vertex -8.080337455152293 11.979592923420354 6
      vertex -7.4931849065080085 11.10910347223756 6
      vertex -7.6573333681698115 12.254294989460355 6
    endloop
  endfacet
  facet normal 0 0 1
    outer loop
      vertex -7.6573333681698115 12.254294989460355 6
      vertex -7.1009181407249455 11.363844488496108 6
      vertex -7.2250000000000005 12.514067084685138 6
    endloop
  endfacet
  facet normal -0.48480962024634 0.8746197071393942 0
    outer loop
      vertex -6.783864082256122 12.758592716811496 0
      vertex -7.2250000000000005 12.514067084685138 6
      vertex -6.783864082256122 12.758592716811496 6
    endloop
  endfacet
  facet normal -0.4539904997395473 0.8910065241883677 0
    outer loop
      vertex -6.33446307110217 12.987573969022964 0
      vertex -6.783864082256122 12.758592716811496 6
      vertex -6.33446307110217 12.987573969022964 6
    endloop
  endfacet
  facet normal -0.4226182617406981 0.9063077870366505 0
    outer loop
      vertex -5.877344492445314 13.200731862935584 0
      vertex -6.33446307110217 12.987573969022964 6
      vertex -5.877344492445314 13.200731862935584 6
    endloop
  endfacet
  facet normal -0.39073112848927427 0.9205048534524402 0
    outer loop
      vertex -5.413065274859929 13.39780669849008 0
      vertex -5.877344492445314 13.200731862935584 6
      vertex -5.413065274859929 13.39780669849008 6
    endloop
  endfacet
  facet normal -0.35836794954530077 0.9335804264972015 0
    outer loop
      vertex -4.942191071055913 13.578558370356378 0
      vertex -5.413065274859929 13.39780669849008 6
      vertex -4.942191071055913 13.578558370356378 6
    endloop
  endfacet
  facet normal -0.3255681544571543 0.9455185755993175 0
    outer loop
      vertex -4.46529556871799 13.74276666046497 0
      vertex -4.942191071055913 13.578558370356378 6
      vertex -4.46529556871799 13.74276666046497 6
    endloop
  endfacet
  facet normal -0.2923717047227382 0.9563047559630351 0
    outer loop
      vertex -3.982959791555638 13.890231506308709 0
      vertex -4.46529556871799 13.74276666046497 6
      vertex -3.982959791555638 13.890231506308709 6
    endloop
  endfacet
  facet normal -0.25881904510252207 0.9659258262890681 0
    outer loop
      vertex -3.495771391415199 14.02077324468815 0
      vertex -3.982959791555638 13.890231506308709 6
      vertex -3.495771391415199 14.02077324468815 6
    endloop
  endfacet
  facet normal -0.2249510543438638 0.9743700647852355 0
    outer loop
      vertex -3.004323932316623 14.134232830603493 0
      vertex -3.495771391415199 14.02077324468815 6
      vertex -3.004323932316623 14.134232830603493 6
    endloop
  endfacet
  facet normal -0.1908089953765436 0.9816271834476641 0
    outer loop
      vertex -2.5092161672871436 14.230472031026407 0
      vertex -3.004323932316623 14.134232830603493 6
      vertex -2.5092161672871436 14.230472031026407 6
    endloop
  endfacet
  facet normal -0.1564344650402325 0.9876883405951375 0
    outer loop
      vertex -2.0110513088729456 14.309373593315692 0
      vertex -2.5092161672871436 14.230472031026407 6
      vertex -2.0110513088729456 14.309373593315692 6
    endloop
  endfacet
  facet normal -0.12186934340514614 0.9925461516413222 0
    outer loop
      vertex -1.5104362942175928 14.37084138807155 0
      vertex -2.0110513088729456 14.309373593315692 6
      vertex -1.5104362942175928 14.37084138807155 6
    endloop
  endfacet
  facet normal -0.08715574274765614 0.9961946980917458 0
    outer loop
      vertex -1.0079810456026106 14.41480052625446 0
      vertex -1.5104362942175928 14.37084138807155 6
      vertex -1.0079810456026106 14.41480052625446 6
    endloop
  endfacet
  facet normal -0.0523359562429488 0.9986295347545736 0
    outer loop
      vertex -0.5042977273511391 14.441197450425936 0
      vertex -1.0079810456026106 14.41480052625446 6
      vertex -0.5042977273511391 14.441197450425936 6
    endloop
  endfacet
  facet normal -0.01745240643728126 0.9998476951563913 0
    outer loop
      vertex -0.5042977273511391 14.441197450425936 6
      vertex 0 14.450000000000001 6
      vertex 0 14.450000000000001 0
    endloop
  endfacet
  facet normal 0 0 1
    outer loop
      vertex -7.2250000000000005 12.514067084685138 6
      vertex -7.1009181407249455 11.363844488496108 6
      vertex -6.7 11.604740410711477 6
    endloop
  endfacet
  facet normal 0 0 1
    outer loop
      vertex -7.2250000000000005 12.514067084685138 6
      vertex -6.7 11.604740410711477 6
      vertex -6.783864082256122 12.758592716811496 6
    endloop
  endfacet
  facet normal 0 0 1
    outer loop
      vertex -6.783864082256122 12.758592716811496 6
      vertex -6.7 11.604740410711477 6
      vertex -6.290918941330937 11.831497744309623 6
    endloop
  endfacet
  facet normal 0 0 1
    outer loop
      vertex -6.783864082256122 12.758592716811496 6
      vertex -6.290918941330937 11.831497744309623 6
      vertex -6.33446307110217 12.987573969022964 6
    endloop
  endfacet
  facet normal 0 0 1
    outer loop
      vertex -6.33446307110217 12.987573969022964 6
      vertex -6.290918941330937 11.831497744309623 6
      vertex -5.874173366973638 12.043840220408839 6
    endloop
  endfacet
  facet normal 0 0 1
    outer loop
      vertex -5.877344492445314 13.200731862935584 6
      vertex -5.874173366973638 12.043840220408839 6
      vertex -5.450271017215723 12.241509132410853 6
    endloop
  endfacet
  facet normal 0 0 1
    outer loop
      vertex -5.877344492445314 13.200731862935584 6
      vertex -5.450271017215723 12.241509132410853 6
      vertex -5.019728351773221 12.424263651194952 6
    endloop
  endfacet
  facet normal 0 0 1
    outer loop
      vertex -6.33446307110217 12.987573969022964 6
      vertex -5.874173366973638 12.043840220408839 6
      vertex -5.877344492445314 13.200731862935584 6
    endloop
  endfacet
  facet normal 0 0 1
    outer loop
      vertex -5.877344492445314 13.200731862935584 6
      vertex -5.019728351773221 12.424263651194952 6
      vertex -5.413065274859929 13.39780669849008 6
    endloop
  endfacet
  facet normal 0 0 1
    outer loop
      vertex -5.413065274859929 13.39780669849008 6
      vertex -5.019728351773221 12.424263651194952 6
      vertex -4.583069920563961 12.591881118531173 6
    endloop
  endfacet
  facet normal 0 0 1
    outer loop
      vertex -5.413065274859929 13.39780669849008 6
      vertex -4.583069920563961 12.591881118531173 6
      vertex -4.942191071055913 13.578558370356378 6
    endloop
  endfacet
  facet normal 0 0 1
    outer loop
      vertex -4.942191071055913 13.578558370356378 6
      vertex -4.583069920563961 12.591881118531173 6
      vertex -4.1408277246242955 12.744157318355057 6
    endloop
  endfacet
  facet normal 0 0 1
    outer loop
      vertex -4.942191071055913 13.578558370356378 6
      vertex -4.1408277246242955 12.744157318355057 6
      vertex -4.46529556871799 13.74276666046497 6
    endloop
  endfacet
  facet normal 0 0 1
    outer loop
      vertex -4.46529556871799 13.74276666046497 6
      vertex -4.1408277246242955 12.744157318355057 6
      vertex -3.693540567947789 12.880906725573473 6
    endloop
  endfacet
  facet normal 0 0 1
    outer loop
      vertex -4.46529556871799 13.74276666046497 6
      vertex -3.693540567947789 12.880906725573473 6
      vertex -3.982959791555638 13.890231506308709 6
    endloop
  endfacet
  facet normal 0 0 1
    outer loop
      vertex -3.982959791555638 13.890231506308709 6
      vertex -3.693540567947789 12.880906725573473 6
      vertex -3.2417534010355475 13.001962732098352 6
    endloop
  endfacet
  facet normal 0 0 1
    outer loop
      vertex -3.495771391415199 14.02077324468815 6
      vertex -3.2417534010355475 13.001962732098352 6
      vertex -2.786016656957975 13.107177849832997 6
    endloop
  endfacet
  facet normal 0 0 1
    outer loop
      vertex -3.982959791555638 13.890231506308709 6
      vertex -3.2417534010355475 13.001962732098352 6
      vertex -3.495771391415199 14.02077324468815 6
    endloop
  endfacet
  facet normal 0 0 1
    outer loop
      vertex -3.495771391415199 14.02077324468815 6
      vertex -2.786016656957975 13.107177849832997 6
      vertex -3.004323932316623 14.134232830603493 6
    endloop
  endfacet
  facet normal 0 0 1
    outer loop
      vertex -3.004323932316623 14.134232830603493 6
      vertex -2.786016656957975 13.107177849832997 6
      vertex -2.3268855807368665 13.196423890363588 6
    endloop
  endfacet
  facet normal 0 0 1
    outer loop
      vertex -3.004323932316623 14.134232830603493 6
      vertex -2.3268855807368665 13.196423890363588 6
      vertex -2.5092161672871436 14.230472031026407 6
    endloop
  endfacet
  facet normal 0 0 1
    outer loop
      vertex -2.5092161672871436 14.230472031026407 6
      vertex -2.3268855807368665 13.196423890363588 6
      vertex -1.864919552864877 13.269592121137043 6
    endloop
  endfacet
  facet normal 0 0 1
    outer loop
      vertex -2.5092161672871436 14.230472031026407 6
      vertex -1.864919552864877 13.269592121137043 6
      vertex -2.0110513088729456 14.309373593315692 6
    endloop
  endfacet
  facet normal 0 0 1
    outer loop
      vertex -2.0110513088729456 14.309373593315692 6
      vertex -1.864919552864877 13.269592121137043 6
      vertex -1.4006814077865566 13.326593397934863 6
    endloop
  endfacet
  facet normal 0 0 1
    outer loop
      vertex -2.0110513088729456 14.309373593315692 6
      vertex -1.4006814077865566 13.326593397934863 6
      vertex -1.5104362942175928 14.37084138807155 6
    endloop
  endfacet
  facet normal 0 0 1
    outer loop
      vertex -1.5104362942175928 14.37084138807155 6
      vertex -1.4006814077865566 13.326593397934863 6
      vertex -0.934736748171279 13.367358273481644 6
    endloop
  endfacet
  facet normal 0 0 1
    outer loop
      vertex -1.5104362942175928 14.37084138807155 6
      vertex -0.934736748171279 13.367358273481644 6
      vertex -1.0079810456026106 14.41480052625446 6
    endloop
  endfacet
  facet normal 0 0 1
    outer loop
      vertex -1.0079810456026106 14.41480052625446 6
      vertex -0.934736748171279 13.367358273481644 6
      vertex -0.467653255813513 13.391837082055883 6
    endloop
  endfacet
  facet normal 0 0 1
    outer loop
      vertex -1.0079810456026106 14.41480052625446 6
      vertex -0.467653255813513 13.391837082055883 6
      vertex -0.5042977273511391 14.441197450425936 6
    endloop
  endfacet
  facet normal 0 0 1
    outer loop
      vertex -0.5042977273511391 14.441197450425936 6
      vertex -0.467653255813513 13.391837082055883 6
      vertex 0 13.4 6
    endloop
  endfacet
  facet normal 0 0 1
    outer loop
      vertex -0.5042977273511391 14.441197450425936 6
      vertex 0 13.4 6
      vertex 0 14.450000000000001 6
    endloop
  endfacet
  facet normal 0 0 -1
    outer loop
      vertex 0 -14.450000000000001 0
      vertex 0.467653255813513 -13.391837082055883 0
      vertex 0.5042977273511391 -14.441197450425936 0
    endloop
  endfacet
  facet normal 0 0 -1
    outer loop
      vertex 0 -14.450000000000001 0
      vertex 0 -13.4 0
      vertex 0.467653255813513 -13.391837082055883 0
    endloop
  endfacet
  facet normal 0 0 -1
    outer loop
      vertex 0.5042977273511391 -14.441197450425936 0
      vertex 0.934736748171279 -13.367358273481644 0
      vertex 1.0079810456026106 -14.41480052625446 0
    endloop
  endfacet
  facet normal 0 0 -1
    outer loop
      vertex 0.5042977273511391 -14.441197450425936 0
      vertex 0.467653255813513 -13.391837082055883 0
      vertex 0.934736748171279 -13.367358273481644 0
    endloop
  endfacet
  facet normal 0 0 -1
    outer loop
      vertex 1.0079810456026106 -14.41480052625446 0
      vertex 1.4006814077865566 -13.326593397934863 0
      vertex 1.5104362942175928 -14.37084138807155 0
    endloop
  endfacet
  facet normal 0 0 -1
    outer loop
      vertex 1.0079810456026106 -14.41480052625446 0
      vertex 0.934736748171279 -13.367358273481644 0
      vertex 1.4006814077865566 -13.326593397934863 0
    endloop
  endfacet
  facet normal 0 0 -1
    outer loop
      vertex 1.5104362942175928 -14.37084138807155 0
      vertex 1.864919552864877 -13.269592121137043 0
      vertex 2.0110513088729456 -14.309373593315692 0
    endloop
  endfacet
  facet normal 0 0 -1
    outer loop
      vertex 1.5104362942175928 -14.37084138807155 0
      vertex 1.4006814077865566 -13.326593397934863 0
      vertex 1.864919552864877 -13.269592121137043 0
    endloop
  endfacet
  facet normal 0 0 -1
    outer loop
      vertex 2.0110513088729456 -14.309373593315692 0
      vertex 1.864919552864877 -13.269592121137043 0
      vertex 2.3268855807368665 -13.196423890363588 0
    endloop
  endfacet
  facet normal 0 0 -1
    outer loop
      vertex 2.0110513088729456 -14.309373593315692 0
      vertex 2.3268855807368665 -13.196423890363588 0
      vertex 2.5092161672871436 -14.230472031026407 0
    endloop
  endfacet
  facet normal 0 0 -1
    outer loop
      vertex 2.5092161672871436 -14.230472031026407 0
      vertex 2.3268855807368665 -13.196423890363588 0
      vertex 2.786016656957975 -13.107177849832997 0
    endloop
  endfacet
  facet normal 0 0 -1
    outer loop
      vertex 2.5092161672871436 -14.230472031026407 0
      vertex 2.786016656957975 -13.107177849832997 0
      vertex 3.004323932316623 -14.134232830603493 0
    endloop
  endfacet
  facet normal 0 0 -1
    outer loop
      vertex 3.004323932316623 -14.134232830603493 0
      vertex 3.2417534010355475 -13.001962732098352 0
      vertex 3.495771391415199 -14.02077324468815 0
    endloop
  endfacet
  facet normal 0 0 -1
    outer loop
      vertex 3.004323932316623 -14.134232830603493 0
      vertex 2.786016656957975 -13.107177849832997 0
      vertex 3.2417534010355475 -13.001962732098352 0
    endloop
  endfacet
  facet normal 0 0 -1
    outer loop
      vertex 3.495771391415199 -14.02077324468815 0
      vertex 3.2417534010355475 -13.001962732098352 0
      vertex 3.693540567947789 -12.880906725573473 0
    endloop
  endfacet
  facet normal 0 0 -1
    outer loop
      vertex 3.495771391415199 -14.02077324468815 0
      vertex 3.693540567947789 -12.880906725573473 0
      vertex 3.982959791555638 -13.890231506308709 0
    endloop
  endfacet
  facet normal 0 0 -1
    outer loop
      vertex 3.982959791555638 -13.890231506308709 0
      vertex 3.693540567947789 -12.880906725573473 0
      vertex 4.1408277246242955 -12.744157318355057 0
    endloop
  endfacet
  facet normal 0 0 -1
    outer loop
      vertex 3.982959791555638 -13.890231506308709 0
      vertex 4.1408277246242955 -12.744157318355057 0
      vertex 4.46529556871799 -13.74276666046497 0
    endloop
  endfacet
  facet normal 0 0 -1
    outer loop
      vertex 4.46529556871799 -13.74276666046497 0
      vertex 4.1408277246242955 -12.744157318355057 0
      vertex 4.583069920563961 -12.591881118531173 0
    endloop
  endfacet
  facet normal 0 0 -1
    outer loop
      vertex 4.46529556871799 -13.74276666046497 0
      vertex 4.583069920563961 -12.591881118531173 0
      vertex 4.942191071055913 -13.578558370356378 0
    endloop
  endfacet
  facet normal 0 0 -1
    outer loop
      vertex 4.942191071055913 -13.578558370356378 0
      vertex 4.583069920563961 -12.591881118531173 0
      vertex 5.019728351773221 -12.424263651194952 0
    endloop
  endfacet
  facet normal 0 0 -1
    outer loop
      vertex 4.942191071055913 -13.578558370356378 0
      vertex 5.019728351773221 -12.424263651194952 0
      vertex 5.413065274859929 -13.39780669849008 0
    endloop
  endfacet
  facet normal 0 0 -1
    outer loop
      vertex 5.413065274859929 -13.39780669849008 0
      vertex 5.019728351773221 -12.424263651194952 0
      vertex 5.450271017215723 -12.241509132410853 0
    endloop
  endfacet
  facet normal 0 0 -1
    outer loop
      vertex 5.413065274859929 -13.39780669849008 0
      vertex 5.450271017215723 -12.241509132410853 0
      vertex 5.877344492445314 -13.200731862935584 0
    endloop
  endfacet
  facet normal 0 0 -1
    outer loop
      vertex 5.877344492445314 -13.200731862935584 0
      vertex 6.290918941330937 -11.831497744309623 0
      vertex 6.33446307110217 -12.987573969022964 0
    endloop
  endfacet
  facet normal 0 0 -1
    outer loop
      vertex 5.877344492445314 -13.200731862935584 0
      vertex 5.450271017215723 -12.241509132410853 0
      vertex 5.874173366973638 -12.043840220408839 0
    endloop
  endfacet
  facet normal 0 0 -1
    outer loop
      vertex 5.877344492445314 -13.200731862935584 0
      vertex 5.874173366973638 -12.043840220408839 0
      vertex 6.290918941330937 -11.831497744309623 0
    endloop
  endfacet
  facet normal 0 0 -1
    outer loop
      vertex 6.33446307110217 -12.987573969022964 0
      vertex 6.7 -11.604740410711477 0
      vertex 6.783864082256122 -12.758592716811496 0
    endloop
  endfacet
  facet normal 0 0 -1
    outer loop
      vertex 6.33446307110217 -12.987573969022964 0
      vertex 6.290918941330937 -11.831497744309623 0
      vertex 6.7 -11.604740410711477 0
    endloop
  endfacet
  facet normal 0 0 -1
    outer loop
      vertex 6.783864082256122 -12.758592716811496 0
      vertex 7.1009181407249455 -11.363844488496108 0
      vertex 7.2250000000000005 -12.514067084685138 0
    endloop
  endfacet
  facet normal 0 0 -1
    outer loop
      vertex 6.783864082256122 -12.758592716811496 0
      vertex 6.7 -11.604740410711477 0
      vertex 7.1009181407249455 -11.363844488496108 0
    endloop
  endfacet
  facet normal 0.01745240643728126 -0.9998476951563913 0
    outer loop
      vertex 0 -14.450000000000001 0
      vertex 0.5042977273511391 -14.441197450425936 0
      vertex 0.5042977273511391 -14.441197450425936 6
    endloop
  endfacet
  facet normal 0.0523359562429488 -0.9986295347545736 0
    outer loop
      vertex 0.5042977273511391 -14.441197450425936 0
      vertex 1.0079810456026106 -14.41480052625446 0
      vertex 1.0079810456026106 -14.41480052625446 6
    endloop
  endfacet
  facet normal 0.08715574274765614 -0.9961946980917458 0
    outer loop
      vertex 1.0079810456026106 -14.41480052625446 0
      vertex 1.5104362942175928 -14.37084138807155 0
      vertex 1.5104362942175928 -14.37084138807155 6
    endloop
  endfacet
  facet normal 0.12186934340514614 -0.9925461516413222 0
    outer loop
      vertex 1.5104362942175928 -14.37084138807155 0
      vertex 2.0110513088729456 -14.309373593315692 0
      vertex 2.0110513088729456 -14.309373593315692 6
    endloop
  endfacet
  facet normal 0.1564344650402325 -0.9876883405951375 0
    outer loop
      vertex 2.0110513088729456 -14.309373593315692 0
      vertex 2.5092161672871436 -14.230472031026407 0
      vertex 2.5092161672871436 -14.230472031026407 6
    endloop
  endfacet
  facet normal 0.1908089953765436 -0.9816271834476641 0
    outer loop
      vertex 2.5092161672871436 -14.230472031026407 0
      vertex 3.004323932316623 -14.134232830603493 0
      vertex 3.004323932316623 -14.134232830603493 6
    endloop
  endfacet
  facet normal 0.2249510543438638 -0.9743700647852355 0
    outer loop
      vertex 3.004323932316623 -14.134232830603493 0
      vertex 3.495771391415199 -14.02077324468815 0
      vertex 3.495771391415199 -14.02077324468815 6
    endloop
  endfacet
  facet normal 0.25881904510252207 -0.9659258262890681 0
    outer loop
      vertex 3.495771391415199 -14.02077324468815 0
      vertex 3.982959791555638 -13.890231506308709 0
      vertex 3.982959791555638 -13.890231506308709 6
    endloop
  endfacet
  facet normal 0.2923717047227382 -0.9563047559630351 0
    outer loop
      vertex 3.982959791555638 -13.890231506308709 0
      vertex 4.46529556871799 -13.74276666046497 0
      vertex 4.46529556871799 -13.74276666046497 6
    endloop
  endfacet
  facet normal 0.3255681544571543 -0.9455185755993175 0
    outer loop
      vertex 4.46529556871799 -13.74276666046497 0
      vertex 4.942191071055913 -13.578558370356378 0
      vertex 4.942191071055913 -13.578558370356378 6
    endloop
  endfacet
  facet normal 0.35836794954530077 -0.9335804264972015 0
    outer loop
      vertex 4.942191071055913 -13.578558370356378 0
      vertex 5.413065274859929 -13.39780669849008 0
      vertex 5.413065274859929 -13.39780669849008 6
    endloop
  endfacet
  facet normal 0.39073112848927427 -0.9205048534524402 0
    outer loop
      vertex 5.413065274859929 -13.39780669849008 0
      vertex 5.877344492445314 -13.200731862935584 0
      vertex 5.877344492445314 -13.200731862935584 6
    endloop
  endfacet
  facet normal 0.4226182617406981 -0.9063077870366505 0
    outer loop
      vertex 5.877344492445314 -13.200731862935584 0
      vertex 6.33446307110217 -12.987573969022964 0
      vertex 6.33446307110217 -12.987573969022964 6
    endloop
  endfacet
  facet normal 0.4539904997395473 -0.8910065241883677 0
    outer loop
      vertex 6.33446307110217 -12.987573969022964 0
      vertex 6.783864082256122 -12.758592716811496 0
      vertex 6.783864082256122 -12.758592716811496 6
    endloop
  endfacet
  facet normal 0.48480962024634 -0.8746197071393942 0
    outer loop
      vertex 6.783864082256122 -12.758592716811496 0
      vertex 7.2250000000000005 -12.514067084685138 0
      vertex 7.2250000000000005 -12.514067084685138 6
    endloop
  endfacet
  facet normal 0 0 -1
    outer loop
      vertex 7.2250000000000005 -12.514067084685138 0
      vertex 7.4931849065080085 -11.10910347223756 0
      vertex 7.6573333681698115 -12.254294989460355 0
    endloop
  endfacet
  facet normal 0 0 -1
    outer loop
      vertex 7.2250000000000005 -12.514067084685138 0
      vertex 7.1009181407249455 -11.363844488496108 0
      vertex 7.4931849065080085 -11.10910347223756 0
    endloop
  endfacet
  facet normal 0 0 -1
    outer loop
      vertex 7.6573333681698115 -12.254294989460355 0
      vertex 7.4931849065080085 -11.10910347223756 0
      vertex 7.87632238071914 -10.840827724624296 0
    endloop
  endfacet
  facet normal 0 0 -1
    outer loop
      vertex 7.6573333681698115 -12.254294989460355 0
      vertex 7.87632238071914 -10.840827724624296 0
      vertex 8.080337455152293 -11.979592923420354 0
    endloop
  endfacet
  facet normal 0 0 -1
    outer loop
      vertex 8.080337455152293 -11.979592923420354 0
      vertex 7.87632238071914 -10.840827724624296 0
      vertex 8.249863769363822 -10.559344098330074 0
    endloop
  endfacet
  facet normal 0 0 -1
    outer loop
      vertex 8.080337455152293 -11.979592923420354 0
      vertex 8.249863769363822 -10.559344098330074 0
      vertex 8.493496895626237 -11.69029556871799 0
    endloop
  endfacet
  facet normal 0 0 -1
    outer loop
      vertex 8.493496895626237 -11.69029556871799 0
      vertex 8.249863769363822 -10.559344098330074 0
      vertex 8.613353969799626 -10.264995537794306 0
    endloop
  endfacet
  facet normal 0 0 -1
    outer loop
      vertex 8.493496895626237 -11.69029556871799 0
      vertex 8.613353969799626 -10.264995537794306 0
      vertex 8.896308318455763 -11.386755389617132 0
    endloop
  endfacet
  facet normal 0 0 -1
    outer loop
      vertex 8.896308318455763 -11.386755389617132 0
      vertex 8.613353969799626 -10.264995537794306 0
      vertex 8.9663501252087 -9.958140661397083 0
    endloop
  endfacet
  facet normal 0 0 -1
    outer loop
      vertex 8.896308318455763 -11.386755389617132 0
      vertex 8.9663501252087 -9.958140661397083 0
      vertex 9.288280959970493 -11.069342203069233 0
    endloop
  endfacet
  facet normal 0 0 -1
    outer loop
      vertex 9.288280959970493 -11.069342203069233 0
      vertex 8.9663501252087 -9.958140661397083 0
      vertex 9.308422164150564 -9.639153324537926 0
    endloop
  endfacet
  facet normal 0 0 -1
    outer loop
      vertex 9.288280959970493 -11.069342203069233 0
      vertex 9.308422164150564 -9.639153324537926 0
      vertex 9.639153324537926 -9.308422164150564 0
    endloop
  endfacet
  facet normal 0 0 -1
    outer loop
      vertex 9.288280959970493 -11.069342203069233 0
      vertex 9.639153324537926 -9.308422164150564 0
      vertex 9.668937261885501 -10.738442728148348 0
    endloop
  endfacet
  facet normal 0 0 -1
    outer loop
      vertex 9.668937261885501 -10.738442728148348 0
      vertex 9.958140661397083 -8.9663501252087 0
      vertex 10.037813453132511 -10.39446011489351 0
    endloop
  endfacet
  facet normal 0 0 -1
    outer loop
      vertex 9.668937261885501 -10.738442728148348 0
      vertex 9.639153324537926 -9.308422164150564 0
      vertex 9.958140661397083 -8.9663501252087 0
    endloop
  endfacet
  facet normal 0 0 -1
    outer loop
      vertex 10.037813453132511 -10.39446011489351 0
      vertex 10.264995537794306 -8.613353969799626 0
      vertex 10.39446011489351 -10.037813453132511 0
    endloop
  endfacet
  facet normal 0 0 -1
    outer loop
      vertex 10.037813453132511 -10.39446011489351 0
      vertex 9.958140661397083 -8.9663501252087 0
      vertex 10.264995537794306 -8.613353969799626 0
    endloop
  endfacet
  facet normal 0 0 -1
    outer loop
      vertex 10.39446011489351 -10.037813453132511 0
      vertex 10.559344098330074 -8.249863769363822 0
      vertex 10.738442728148348 -9.668937261885501 0
    endloop
  endfacet
  facet normal 0 0 -1
    outer loop
      vertex 10.39446011489351 -10.037813453132511 0
      vertex 10.264995537794306 -8.613353969799626 0
      vertex 10.559344098330074 -8.249863769363822 0
    endloop
  endfacet
  facet normal 0 0 -1
    outer loop
      vertex 10.738442728148348 -9.668937261885501 0
      vertex 10.559344098330074 -8.249863769363822 0
      vertex 10.840827724624296 -7.87632238071914 0
    endloop
  endfacet
  facet normal 0 0 -1
    outer loop
      vertex 10.738442728148348 -9.668937261885501 0
      vertex 10.840827724624296 -7.87632238071914 0
      vertex 11.069342203069233 -9.288280959970493 0
    endloop
  endfacet
  facet normal 0 0 -1
    outer loop
      vertex 11.069342203069233 -9.288280959970493 0
      vertex 10.840827724624296 -7.87632238071914 0
      vertex 11.10910347223756 -7.4931849065080085 0
    endloop
  endfacet
  facet normal 0 0 -1
    outer loop
      vertex 11.069342203069233 -9.288280959970493 0
      vertex 11.10910347223756 -7.4931849065080085 0
      vertex 11.386755389617132 -8.896308318455763 0
    endloop
  endfacet
  facet normal 0 0 -1
    outer loop
      vertex 11.386755389617132 -8.896308318455763 0
      vertex 11.10910347223756 -7.4931849065080085 0
      vertex 11.363844488496108 -7.1009181407249455 0
    endloop
  endfacet
  facet normal 0 0 -1
    outer loop
      vertex 11.386755389617132 -8.896308318455763 0
      vertex 11.604740410711477 -6.7 0
      vertex 11.69029556871799 -8.493496895626237 0
    endloop
  endfacet
  facet normal 0 0 -1
    outer loop
      vertex 11.386755389617132 -8.896308318455763 0
      vertex 11.363844488496108 -7.1009181407249455 0
      vertex 11.604740410711477 -6.7 0
    endloop
  endfacet
  facet normal 0 0 -1
    outer loop
      vertex 11.69029556871799 -8.493496895626237 0
      vertex 11.831497744309623 -6.290918941330937 0
      vertex 11.979592923420354 -8.080337455152293 0
    endloop
  endfacet
  facet normal 0.5150380749100539 -0.8571673007021123 0
    outer loop
      vertex 7.2250000000000005 -12.514067084685138 0
      vertex 7.6573333681698115 -12.254294989460355 0
      vertex 7.6573333681698115 -12.254294989460355 6
    endloop
  endfacet
  facet normal 0.5446390350150241 -0.838670567945426 0
    outer loop
      vertex 7.6573333681698115 -12.254294989460355 0
      vertex 8.080337455152293 -11.979592923420354 0
      vertex 8.080337455152293 -11.979592923420354 6
    endloop
  endfacet
  facet normal 0.5735764363510482 -0.8191520442889902 0
    outer loop
      vertex 8.080337455152293 -11.979592923420354 0
      vertex 8.493496895626237 -11.69029556871799 0
      vertex 8.493496895626237 -11.69029556871799 6
    endloop
  endfacet
  facet normal 0.6018150231520486 -0.7986355100472927 0
    outer loop
      vertex 8.493496895626237 -11.69029556871799 0
      vertex 8.896308318455763 -11.386755389617132 0
      vertex 8.896308318455763 -11.386755389617132 6
    endloop
  endfacet
  facet normal 0.6293203910498376 -0.7771459614569708 0
    outer loop
      vertex 8.896308318455763 -11.386755389617132 0
      vertex 9.288280959970493 -11.069342203069233 0
      vertex 9.288280959970493 -11.069342203069233 6
    endloop
  endfacet
  facet normal 0.6560590289905059 -0.7547095802227732 0
    outer loop
      vertex 9.288280959970493 -11.069342203069233 0
      vertex 9.668937261885501 -10.738442728148348 0
      vertex 9.668937261885501 -10.738442728148348 6
    endloop
  endfacet
  facet normal 0.6819983600624984 -0.7313537016191706 0
    outer loop
      vertex 9.668937261885501 -10.738442728148348 0
      vertex 10.037813453132511 -10.39446011489351 0
      vertex 10.037813453132511 -10.39446011489351 6
    endloop
  endfacet
  facet normal 0.7071067811865476 -0.7071067811865476 0
    outer loop
      vertex 10.037813453132511 -10.39446011489351 0
      vertex 10.39446011489351 -10.037813453132511 0
      vertex 10.037813453132511 -10.39446011489351 6
    endloop
  endfacet
  facet normal 0.7313537016191706 -0.6819983600624984 0
    outer loop
      vertex 10.39446011489351 -10.037813453132511 0
      vertex 10.738442728148348 -9.668937261885501 0
      vertex 10.39446011489351 -10.037813453132511 6
    endloop
  endfacet
  facet normal 0.7547095802227732 -0.6560590289905059 0
    outer loop
      vertex 10.738442728148348 -9.668937261885501 0
      vertex 11.069342203069233 -9.288280959970493 0
      vertex 10.738442728148348 -9.668937261885501 6
    endloop
  endfacet
  facet normal 0.7771459614569708 -0.6293203910498376 0
    outer loop
      vertex 11.069342203069233 -9.288280959970493 0
      vertex 11.386755389617132 -8.896308318455763 0
      vertex 11.069342203069233 -9.288280959970493 6
    endloop
  endfacet
  facet normal 0.7986355100472927 -0.6018150231520486 0
    outer loop
      vertex 11.386755389617132 -8.896308318455763 0
      vertex 11.69029556871799 -8.493496895626237 0
      vertex 11.386755389617132 -8.896308318455763 6
    endloop
  endfacet
  facet normal 0.8191520442889902 -0.5735764363510482 0
    outer loop
      vertex 11.69029556871799 -8.493496895626237 0
      vertex 11.979592923420354 -8.080337455152293 0
      vertex 11.69029556871799 -8.493496895626237 6
    endloop
  endfacet
  facet normal 0.838670567945426 -0.5446390350150241 0
    outer loop
      vertex 11.979592923420354 -8.080337455152293 0
      vertex 12.254294989460355 -7.6573333681698115 0
      vertex 11.979592923420354 -8.080337455152293 6
    endloop
  endfacet
  facet normal 0.8571673007021123 -0.5150380749100539 0
    outer loop
      vertex 12.254294989460355 -7.6573333681698115 0
      vertex 12.514067084685138 -7.2250000000000005 0
      vertex 12.254294989460355 -7.6573333681698115 6
    endloop
  endfacet
  facet normal 0 0 -1
    outer loop
      vertex 11.69029556871799 -8.493496895626237 0
      vertex 11.604740410711477 -6.7 0
      vertex 11.831497744309623 -6.290918941330937 0
    endloop
  endfacet
  facet normal 0 0 -1
    outer loop
      vertex 11.979592923420354 -8.080337455152293 0
      vertex 12.043840220408839 -5.874173366973638 0
      vertex 12.254294989460355 -7.6573333681698115 0
    endloop
  endfacet
  facet normal 0 0 -1
    outer loop
      vertex 11.979592923420354 -8.080337455152293 0
      vertex 11.831497744309623 -6.290918941330937 0
      vertex 12.043840220408839 -5.874173366973638 0
    endloop
  endfacet
  facet normal 0 0 -1
    outer loop
      vertex 12.254294989460355 -7.6573333681698115 0
      vertex 12.043840220408839 -5.874173366973638 0
      vertex 12.241509132410853 -5.450271017215723 0
    endloop
  endfacet
  facet normal 0 0 -1
    outer loop
      vertex 12.254294989460355 -7.6573333681698115 0
      vertex 12.424263651194952 -5.019728351773221 0
      vertex 12.514067084685138 -7.2250000000000005 0
    endloop
  endfacet
  facet normal 0 0 -1
    outer loop
      vertex 12.254294989460355 -7.6573333681698115 0
      vertex 12.241509132410853 -5.450271017215723 0
      vertex 12.424263651194952 -5.019728351773221 0
    endloop
  endfacet
  facet normal 0 0 -1
    outer loop
      vertex 12.514067084685138 -7.2250000000000005 0
      vertex 12.591881118531173 -4.583069920563961 0
      vertex 12.758592716811496 -6.783864082256122 0
    endloop
  endfacet
  facet normal 0 0 -1
    outer loop
      vertex 12.514067084685138 -7.2250000000000005 0
      vertex 12.424263651194952 -5.019728351773221 0
      vertex 12.591881118531173 -4.583069920563961 0
    endloop
  endfacet
  facet normal 0 0 -1
    outer loop
      vertex 12.758592716811496 -6.783864082256122 0
      vertex 12.880906725573473 -3.693540567947789 0
      vertex 12.987573969022964 -6.33446307110217 0
    endloop
  endfacet
  facet normal 0 0 -1
    outer loop
      vertex 12.758592716811496 -6.783864082256122 0
      vertex 12.591881118531173 -4.583069920563961 0
      vertex 12.744157318355057 -4.1408277246242955 0
    endloop
  endfacet
  facet normal 0 0 -1
    outer loop
      vertex 12.758592716811496 -6.783864082256122 0
      vertex 12.744157318355057 -4.1408277246242955 0
      vertex 12.880906725573473 -3.693540567947789 0
    endloop
  endfacet
  facet normal 0 0 -1
    outer loop
      vertex 12.987573969022964 -6.33446307110217 0
      vertex 13.107177849832997 -2.786016656957975 0
      vertex 13.200731862935584 -5.877344492445314 0
    endloop
  endfacet
  facet normal 0 0 -1
    outer loop
      vertex 12.987573969022964 -6.33446307110217 0
      vertex 12.880906725573473 -3.693540567947789 0
      vertex 13.001962732098352 -3.2417534010355475 0
    endloop
  endfacet
  facet normal 0 0 -1
    outer loop
      vertex 12.987573969022964 -6.33446307110217 0
      vertex 13.001962732098352 -3.2417534010355475 0
      vertex 13.107177849832997 -2.786016656957975 0
    endloop
  endfacet
  facet normal 0 0 -1
    outer loop
      vertex 13.200731862935584 -5.877344492445314 0
      vertex 13.326593397934863 -1.4006814077865566 0
      vertex 13.39780669849008 -5.413065274859929 0
    endloop
  endfacet
  facet normal 0 0 -1
    outer loop
      vertex 13.200731862935584 -5.877344492445314 0
      vertex 13.107177849832997 -2.786016656957975 0
      vertex 13.196423890363588 -2.3268855807368665 0
    endloop
  endfacet
  facet normal 0 0 -1
    outer loop
      vertex 13.200731862935584 -5.877344492445314 0
      vertex 13.196423890363588 -2.3268855807368665 0
      vertex 13.269592121137043 -1.864919552864877 0
    endloop
  endfacet
  facet normal 0 0 -1
    outer loop
      vertex 13.200731862935584 -5.877344492445314 0
      vertex 13.269592121137043 -1.864919552864877 0
      vertex 13.326593397934863 -1.4006814077865566 0
    endloop
  endfacet
  facet normal 0 0 -1
    outer loop
      vertex 13.39780669849008 -5.413065274859929 0
      vertex 13.326593397934863 -1.4006814077865566 0
      vertex 13.367358273481644 -0.934736748171279 0
    endloop
  endfacet
  facet normal 0 0 -1
    outer loop
      vertex 13.39780669849008 -5.413065274859929 0
      vertex 13.367358273481644 -0.934736748171279 0
      vertex 13.391837082055883 -0.467653255813513 0
    endloop
  endfacet
  facet normal 0 0 -1
    outer loop
      vertex 13.39780669849008 -5.413065274859929 0
      vertex 13.391837082055883 -0.467653255813513 0
      vertex 13.4 0 0
    endloop
  endfacet
  facet normal 0 0 -1
    outer loop
      vertex 13.39780669849008 -5.413065274859929 0
      vertex 13.578558370356378 4.942191071055913 0
      vertex 13.578558370356378 -4.942191071055913 0
    endloop
  endfacet
  facet normal 0 0 -1
    outer loop
      vertex 13.39780669849008 -5.413065274859929 0
      vertex 13.4 0 0
      vertex 13.578558370356378 4.942191071055913 0
    endloop
  endfacet
  facet normal 0 0 -1
    outer loop
      vertex 13.578558370356378 -4.942191071055913 0
      vertex 13.74276666046497 4.46529556871799 0
      vertex 13.74276666046497 -4.46529556871799 0
    endloop
  endfacet
  facet normal 0 0 -1
    outer loop
      vertex 13.74276666046497 -4.46529556871799 0
      vertex 13.890231506308709 3.982959791555638 0
      vertex 13.890231506308709 -3.982959791555638 0
    endloop
  endfacet
  facet normal 0 0 -1
    outer loop
      vertex 13.890231506308709 -3.982959791555638 0
      vertex 14.02077324468815 3.495771391415199 0
      vertex 14.02077324468815 -3.495771391415199 0
    endloop
  endfacet
  facet normal 0 0 -1
    outer loop
      vertex 14.02077324468815 -3.495771391415199 0
      vertex 14.134232830603493 3.004323932316623 0
      vertex 14.134232830603493 -3.004323932316623 0
    endloop
  endfacet
  facet normal 0 0 -1
    outer loop
      vertex 14.134232830603493 -3.004323932316623 0
      vertex 14.230472031026407 2.5092161672871436 0
      vertex 14.230472031026407 -2.5092161672871436 0
    endloop
  endfacet
  facet normal 0 0 -1
    outer loop
      vertex 14.230472031026407 -2.5092161672871436 0
      vertex 14.309373593315692 2.0110513088729456 0
      vertex 14.309373593315692 -2.0110513088729456 0
    endloop
  endfacet
  facet normal 0 0 -1
    outer loop
      vertex 14.309373593315692 -2.0110513088729456 0
      vertex 14.37084138807155 1.5104362942175928 0
      vertex 14.37084138807155 -1.5104362942175928 0
    endloop
  endfacet
  facet normal 0 0 -1
    outer loop
      vertex 14.37084138807155 -1.5104362942175928 0
      vertex 14.41480052625446 1.0079810456026106 0
      vertex 14.41480052625446 -1.0079810456026106 0
    endloop
  endfacet
  facet normal 0 0 -1
    outer loop
      vertex 14.41480052625446 -1.0079810456026106 0
      vertex 14.441197450425936 0.5042977273511391 0
      vertex 14.441197450425936 -0.5042977273511391 0
    endloop
  endfacet
  facet normal 0.8746197071393942 -0.48480962024634 0
    outer loop
      vertex 12.514067084685138 -7.2250000000000005 0
      vertex 12.758592716811496 -6.783864082256122 0
      vertex 12.514067084685138 -7.2250000000000005 6
    endloop
  endfacet
  facet normal 0.8910065241883677 -0.4539904997395473 0
    outer loop
      vertex 12.758592716811496 -6.783864082256122 0
      vertex 12.987573969022964 -6.33446307110217 0
      vertex 12.758592716811496 -6.783864082256122 6
    endloop
  endfacet
  facet normal 0.9063077870366505 -0.4226182617406981 0
    outer loop
      vertex 12.987573969022964 -6.33446307110217 0
      vertex 13.200731862935584 -5.877344492445314 0
      vertex 12.987573969022964 -6.33446307110217 6
    endloop
  endfacet
  facet normal 0.9205048534524402 -0.39073112848927427 0
    outer loop
      vertex 13.200731862935584 -5.877344492445314 0
      vertex 13.39780669849008 -5.413065274859929 0
      vertex 13.200731862935584 -5.877344492445314 6
    endloop
  endfacet
  facet normal 0.9335804264972015 -0.35836794954530077 0
    outer loop
      vertex 13.39780669849008 -5.413065274859929 0
      vertex 13.578558370356378 -4.942191071055913 0
      vertex 13.39780669849008 -5.413065274859929 6
    endloop
  endfacet
  facet normal 0.9455185755993175 -0.3255681544571543 0
    outer loop
      vertex 13.578558370356378 -4.942191071055913 0
      vertex 13.74276666046497 -4.46529556871799 0
      vertex 13.578558370356378 -4.942191071055913 6
    endloop
  endfacet
  facet normal 0.9563047559630351 -0.2923717047227382 0
    outer loop
      vertex 13.74276666046497 -4.46529556871799 0
      vertex 13.890231506308709 -3.982959791555638 0
      vertex 13.74276666046497 -4.46529556871799 6
    endloop
  endfacet
  facet normal 0.9659258262890681 -0.25881904510252207 0
    outer loop
      vertex 13.890231506308709 -3.982959791555638 0
      vertex 14.02077324468815 -3.495771391415199 0
      vertex 13.890231506308709 -3.982959791555638 6
    endloop
  endfacet
  facet normal 0.9743700647852355 -0.2249510543438638 0
    outer loop
      vertex 14.02077324468815 -3.495771391415199 0
      vertex 14.134232830603493 -3.004323932316623 0
      vertex 14.02077324468815 -3.495771391415199 6
    endloop
  endfacet
  facet normal 0.9816271834476641 -0.1908089953765436 0
    outer loop
      vertex 14.134232830603493 -3.004323932316623 0
      vertex 14.230472031026407 -2.5092161672871436 0
      vertex 14.134232830603493 -3.004323932316623 6
    endloop
  endfacet
  facet normal 0.9876883405951375 -0.1564344650402325 0
    outer loop
      vertex 14.230472031026407 -2.5092161672871436 0
      vertex 14.309373593315692 -2.0110513088729456 0
      vertex 14.230472031026407 -2.5092161672871436 6
    endloop
  endfacet
  facet normal 0.9925461516413222 -0.12186934340514614 0
    outer loop
      vertex 14.309373593315692 -2.0110513088729456 0
      vertex 14.37084138807155 -1.5104362942175928 0
      vertex 14.309373593315692 -2.0110513088729456 6
    endloop
  endfacet
  facet normal 0.9961946980917458 -0.08715574274765614 0
    outer loop
      vertex 14.37084138807155 -1.5104362942175928 0
      vertex 14.41480052625446 -1.0079810456026106 0
      vertex 14.37084138807155 -1.5104362942175928 6
    endloop
  endfacet
  facet normal 0.9986295347545736 -0.0523359562429488 0
    outer loop
      vertex 14.41480052625446 -1.0079810456026106 0
      vertex 14.441197450425936 -0.5042977273511391 0
      vertex 14.41480052625446 -1.0079810456026106 6
    endloop
  endfacet
  facet normal 0.9998476951563913 -0.01745240643728126 0
    outer loop
      vertex 14.441197450425936 -0.5042977273511391 0
      vertex 14.450000000000001 0 0
      vertex 14.441197450425936 -0.5042977273511391 6
    endloop
  endfacet
  facet normal 0.01745240643728126 -0.9998476951563913 0
    outer loop
      vertex 0 -14.450000000000001 0
      vertex 0.5042977273511391 -14.441197450425936 6
      vertex 0 -14.450000000000001 6
    endloop
  endfacet
  facet normal 0.0523359562429488 -0.9986295347545736 0
    outer loop
      vertex 0.5042977273511391 -14.441197450425936 0
      vertex 1.0079810456026106 -14.41480052625446 6
      vertex 0.5042977273511391 -14.441197450425936 6
    endloop
  endfacet
  facet normal 0.08715574274765614 -0.9961946980917458 0
    outer loop
      vertex 1.0079810456026106 -14.41480052625446 0
      vertex 1.5104362942175928 -14.37084138807155 6
      vertex 1.0079810456026106 -14.41480052625446 6
    endloop
  endfacet
  facet normal 0.12186934340514614 -0.9925461516413222 0
    outer loop
      vertex 1.5104362942175928 -14.37084138807155 0
      vertex 2.0110513088729456 -14.309373593315692 6
      vertex 1.5104362942175928 -14.37084138807155 6
    endloop
  endfacet
  facet normal 0.1564344650402325 -0.9876883405951375 0
    outer loop
      vertex 2.0110513088729456 -14.309373593315692 0
      vertex 2.5092161672871436 -14.230472031026407 6
      vertex 2.0110513088729456 -14.309373593315692 6
    endloop
  endfacet
  facet normal 0.1908089953765436 -0.9816271834476641 0
    outer loop
      vertex 2.5092161672871436 -14.230472031026407 0
      vertex 3.004323932316623 -14.134232830603493 6
      vertex 2.5092161672871436 -14.230472031026407 6
    endloop
  endfacet
  facet normal 0.2249510543438638 -0.9743700647852355 0
    outer loop
      vertex 3.004323932316623 -14.134232830603493 0
      vertex 3.495771391415199 -14.02077324468815 6
      vertex 3.004323932316623 -14.134232830603493 6
    endloop
  endfacet
  facet normal 0.25881904510252207 -0.9659258262890681 0
    outer loop
      vertex 3.495771391415199 -14.02077324468815 0
      vertex 3.982959791555638 -13.890231506308709 6
      vertex 3.495771391415199 -14.02077324468815 6
    endloop
  endfacet
  facet normal 0.2923717047227382 -0.9563047559630351 0
    outer loop
      vertex 3.982959791555638 -13.890231506308709 0
      vertex 4.46529556871799 -13.74276666046497 6
      vertex 3.982959791555638 -13.890231506308709 6
    endloop
  endfacet
  facet normal 0.3255681544571543 -0.9455185755993175 0
    outer loop
      vertex 4.46529556871799 -13.74276666046497 0
      vertex 4.942191071055913 -13.578558370356378 6
      vertex 4.46529556871799 -13.74276666046497 6
    endloop
  endfacet
  facet normal 0.35836794954530077 -0.9335804264972015 0
    outer loop
      vertex 4.942191071055913 -13.578558370356378 0
      vertex 5.413065274859929 -13.39780669849008 6
      vertex 4.942191071055913 -13.578558370356378 6
    endloop
  endfacet
  facet normal 0.39073112848927427 -0.9205048534524402 0
    outer loop
      vertex 5.413065274859929 -13.39780669849008 0
      vertex 5.877344492445314 -13.200731862935584 6
      vertex 5.413065274859929 -13.39780669849008 6
    endloop
  endfacet
  facet normal 0.4226182617406981 -0.9063077870366505 0
    outer loop
      vertex 5.877344492445314 -13.200731862935584 0
      vertex 6.33446307110217 -12.987573969022964 6
      vertex 5.877344492445314 -13.200731862935584 6
    endloop
  endfacet
  facet normal 0.4539904997395473 -0.8910065241883677 0
    outer loop
      vertex 6.33446307110217 -12.987573969022964 0
      vertex 6.783864082256122 -12.758592716811496 6
      vertex 6.33446307110217 -12.987573969022964 6
    endloop
  endfacet
  facet normal 0.48480962024634 -0.8746197071393942 0
    outer loop
      vertex 6.783864082256122 -12.758592716811496 0
      vertex 7.2250000000000005 -12.514067084685138 6
      vertex 6.783864082256122 -12.758592716811496 6
    endloop
  endfacet
  facet normal 0 0 1
    outer loop
      vertex 0 -14.450000000000001 6
      vertex 0.5042977273511391 -14.441197450425936 6
      vertex 0 -13.4 6
    endloop
  endfacet
  facet normal 0 0 1
    outer loop
      vertex 0.5042977273511391 -14.441197450425936 6
      vertex 0.467653255813513 -13.391837082055883 6
      vertex 0 -13.4 6
    endloop
  endfacet
  facet normal 0 0 1
    outer loop
      vertex 0.5042977273511391 -14.441197450425936 6
      vertex 1.0079810456026106 -14.41480052625446 6
      vertex 0.467653255813513 -13.391837082055883 6
    endloop
  endfacet
  facet normal 0 0 1
    outer loop
      vertex 1.0079810456026106 -14.41480052625446 6
      vertex 0.934736748171279 -13.367358273481644 6
      vertex 0.467653255813513 -13.391837082055883 6
    endloop
  endfacet
  facet normal 0 0 1
    outer loop
      vertex 1.0079810456026106 -14.41480052625446 6
      vertex 1.5104362942175928 -14.37084138807155 6
      vertex 0.934736748171279 -13.367358273481644 6
    endloop
  endfacet
  facet normal 0 0 1
    outer loop
      vertex 1.5104362942175928 -14.37084138807155 6
      vertex 1.4006814077865566 -13.326593397934863 6
      vertex 0.934736748171279 -13.367358273481644 6
    endloop
  endfacet
  facet normal 0 0 1
    outer loop
      vertex 1.5104362942175928 -14.37084138807155 6
      vertex 2.0110513088729456 -14.309373593315692 6
      vertex 1.4006814077865566 -13.326593397934863 6
    endloop
  endfacet
  facet normal 0 0 1
    outer loop
      vertex 2.0110513088729456 -14.309373593315692 6
      vertex 1.864919552864877 -13.269592121137043 6
      vertex 1.4006814077865566 -13.326593397934863 6
    endloop
  endfacet
  facet normal 0 0 1
    outer loop
      vertex 2.0110513088729456 -14.309373593315692 6
      vertex 2.5092161672871436 -14.230472031026407 6
      vertex 1.864919552864877 -13.269592121137043 6
    endloop
  endfacet
  facet normal 0 0 1
    outer loop
      vertex 2.5092161672871436 -14.230472031026407 6
      vertex 2.3268855807368665 -13.196423890363588 6
      vertex 1.864919552864877 -13.269592121137043 6
    endloop
  endfacet
  facet normal 0 0 1
    outer loop
      vertex 2.5092161672871436 -14.230472031026407 6
      vertex 3.004323932316623 -14.134232830603493 6
      vertex 2.3268855807368665 -13.196423890363588 6
    endloop
  endfacet
  facet normal 0 0 1
    outer loop
      vertex 3.004323932316623 -14.134232830603493 6
      vertex 2.786016656957975 -13.107177849832997 6
      vertex 2.3268855807368665 -13.196423890363588 6
    endloop
  endfacet
  facet normal 0 0 1
    outer loop
      vertex 3.004323932316623 -14.134232830603493 6
      vertex 3.495771391415199 -14.02077324468815 6
      vertex 2.786016656957975 -13.107177849832997 6
    endloop
  endfacet
  facet normal 0 0 1
    outer loop
      vertex 3.495771391415199 -14.02077324468815 6
      vertex 3.982959791555638 -13.890231506308709 6
      vertex 3.2417534010355475 -13.001962732098352 6
    endloop
  endfacet
  facet normal 0 0 1
    outer loop
      vertex 3.495771391415199 -14.02077324468815 6
      vertex 3.2417534010355475 -13.001962732098352 6
      vertex 2.786016656957975 -13.107177849832997 6
    endloop
  endfacet
  facet normal 0 0 1
    outer loop
      vertex 3.982959791555638 -13.890231506308709 6
      vertex 3.693540567947789 -12.880906725573473 6
      vertex 3.2417534010355475 -13.001962732098352 6
    endloop
  endfacet
  facet normal 0 0 1
    outer loop
      vertex 3.982959791555638 -13.890231506308709 6
      vertex 4.46529556871799 -13.74276666046497 6
      vertex 3.693540567947789 -12.880906725573473 6
    endloop
  endfacet
  facet normal 0 0 1
    outer loop
      vertex 4.46529556871799 -13.74276666046497 6
      vertex 4.1408277246242955 -12.744157318355057 6
      vertex 3.693540567947789 -12.880906725573473 6
    endloop
  endfacet
  facet normal 0 0 1
    outer loop
      vertex 4.46529556871799 -13.74276666046497 6
      vertex 4.942191071055913 -13.578558370356378 6
      vertex 4.1408277246242955 -12.744157318355057 6
    endloop
  endfacet
  facet normal 0 0 1
    outer loop
      vertex 4.942191071055913 -13.578558370356378 6
      vertex 4.583069920563961 -12.591881118531173 6
      vertex 4.1408277246242955 -12.744157318355057 6
    endloop
  endfacet
  facet normal 0 0 1
    outer loop
      vertex 4.942191071055913 -13.578558370356378 6
      vertex 5.413065274859929 -13.39780669849008 6
      vertex 4.583069920563961 -12.591881118531173 6
    endloop
  endfacet
  facet normal 0 0 1
    outer loop
      vertex 5.413065274859929 -13.39780669849008 6
      vertex 5.019728351773221 -12.424263651194952 6
      vertex 4.583069920563961 -12.591881118531173 6
    endloop
  endfacet
  facet normal 0 0 1
    outer loop
      vertex 5.413065274859929 -13.39780669849008 6
      vertex 5.877344492445314 -13.200731862935584 6
      vertex 5.019728351773221 -12.424263651194952 6
    endloop
  endfacet
  facet normal 0 0 1
    outer loop
      vertex 5.877344492445314 -13.200731862935584 6
      vertex 6.33446307110217 -12.987573969022964 6
      vertex 5.874173366973638 -12.043840220408839 6
    endloop
  endfacet
  facet normal 0 0 1
    outer loop
      vertex 5.877344492445314 -13.200731862935584 6
      vertex 5.450271017215723 -12.241509132410853 6
      vertex 5.019728351773221 -12.424263651194952 6
    endloop
  endfacet
  facet normal 0 0 1
    outer loop
      vertex 5.877344492445314 -13.200731862935584 6
      vertex 5.874173366973638 -12.043840220408839 6
      vertex 5.450271017215723 -12.241509132410853 6
    endloop
  endfacet
  facet normal 0 0 1
    outer loop
      vertex 6.33446307110217 -12.987573969022964 6
      vertex 6.290918941330937 -11.831497744309623 6
      vertex 5.874173366973638 -12.043840220408839 6
    endloop
  endfacet
  facet normal 0 0 1
    outer loop
      vertex 6.33446307110217 -12.987573969022964 6
      vertex 6.783864082256122 -12.758592716811496 6
      vertex 6.290918941330937 -11.831497744309623 6
    endloop
  endfacet
  facet normal 0 0 1
    outer loop
      vertex 6.783864082256122 -12.758592716811496 6
      vertex 6.7 -11.604740410711477 6
      vertex 6.290918941330937 -11.831497744309623 6
    endloop
  endfacet
  facet normal 0 0 1
    outer loop
      vertex 6.783864082256122 -12.758592716811496 6
      vertex 7.2250000000000005 -12.514067084685138 6
      vertex 6.7 -11.604740410711477 6
    endloop
  endfacet
  facet normal 0 0 1
    outer loop
      vertex 7.2250000000000005 -12.514067084685138 6
      vertex 7.1009181407249455 -11.363844488496108 6
      vertex 6.7 -11.604740410711477 6
    endloop
  endfacet
  facet normal 0.5150380749100539 -0.8571673007021123 0
    outer loop
      vertex 7.2250000000000005 -12.514067084685138 0
      vertex 7.6573333681698115 -12.254294989460355 6
      vertex 7.2250000000000005 -12.514067084685138 6
    endloop
  endfacet
  facet normal 0.5446390350150241 -0.838670567945426 0
    outer loop
      vertex 7.6573333681698115 -12.254294989460355 0
      vertex 8.080337455152293 -11.979592923420354 6
      vertex 7.6573333681698115 -12.254294989460355 6
    endloop
  endfacet
  facet normal 0.5735764363510482 -0.8191520442889902 0
    outer loop
      vertex 8.080337455152293 -11.979592923420354 0
      vertex 8.493496895626237 -11.69029556871799 6
      vertex 8.080337455152293 -11.979592923420354 6
    endloop
  endfacet
  facet normal 0.6018150231520486 -0.7986355100472927 0
    outer loop
      vertex 8.493496895626237 -11.69029556871799 0
      vertex 8.896308318455763 -11.386755389617132 6
      vertex 8.493496895626237 -11.69029556871799 6
    endloop
  endfacet
  facet normal 0.6293203910498376 -0.7771459614569708 0
    outer loop
      vertex 8.896308318455763 -11.386755389617132 0
      vertex 9.288280959970493 -11.069342203069233 6
      vertex 8.896308318455763 -11.386755389617132 6
    endloop
  endfacet
  facet normal 0.6560590289905059 -0.7547095802227732 0
    outer loop
      vertex 9.288280959970493 -11.069342203069233 0
      vertex 9.668937261885501 -10.738442728148348 6
      vertex 9.288280959970493 -11.069342203069233 6
    endloop
  endfacet
  facet normal 0.6819983600624984 -0.7313537016191706 0
    outer loop
      vertex 9.668937261885501 -10.738442728148348 0
      vertex 10.037813453132511 -10.39446011489351 6
      vertex 9.668937261885501 -10.738442728148348 6
    endloop
  endfacet
  facet normal 0.7071067811865476 -0.7071067811865476 0
    outer loop
      vertex 10.39446011489351 -10.037813453132511 0
      vertex 10.39446011489351 -10.037813453132511 6
      vertex 10.037813453132511 -10.39446011489351 6
    endloop
  endfacet
  facet normal 0.7313537016191706 -0.6819983600624984 0
    outer loop
      vertex 10.738442728148348 -9.668937261885501 0
      vertex 10.738442728148348 -9.668937261885501 6
      vertex 10.39446011489351 -10.037813453132511 6
    endloop
  endfacet
  facet normal 0.7547095802227732 -0.6560590289905059 0
    outer loop
      vertex 11.069342203069233 -9.288280959970493 0
      vertex 11.069342203069233 -9.288280959970493 6
      vertex 10.738442728148348 -9.668937261885501 6
    endloop
  endfacet
  facet normal 0.7771459614569708 -0.6293203910498376 0
    outer loop
      vertex 11.386755389617132 -8.896308318455763 0
      vertex 11.386755389617132 -8.896308318455763 6
      vertex 11.069342203069233 -9.288280959970493 6
    endloop
  endfacet
  facet normal 0.7986355100472927 -0.6018150231520486 0
    outer loop
      vertex 11.69029556871799 -8.493496895626237 0
      vertex 11.69029556871799 -8.493496895626237 6
      vertex 11.386755389617132 -8.896308318455763 6
    endloop
  endfacet
  facet normal 0.8191520442889902 -0.5735764363510482 0
    outer loop
      vertex 11.979592923420354 -8.080337455152293 0
      vertex 11.979592923420354 -8.080337455152293 6
      vertex 11.69029556871799 -8.493496895626237 6
    endloop
  endfacet
  facet normal 0.838670567945426 -0.5446390350150241 0
    outer loop
      vertex 12.254294989460355 -7.6573333681698115 0
      vertex 12.254294989460355 -7.6573333681698115 6
      vertex 11.979592923420354 -8.080337455152293 6
    endloop
  endfacet
  facet normal 0.8571673007021123 -0.5150380749100539 0
    outer loop
      vertex 12.514067084685138 -7.2250000000000005 0
      vertex 12.514067084685138 -7.2250000000000005 6
      vertex 12.254294989460355 -7.6573333681698115 6
    endloop
  endfacet
  facet normal 0 0 1
    outer loop
      vertex 7.2250000000000005 -12.514067084685138 6
      vertex 7.6573333681698115 -12.254294989460355 6
      vertex 7.1009181407249455 -11.363844488496108 6
    endloop
  endfacet
  facet normal 0 0 1
    outer loop
      vertex 7.6573333681698115 -12.254294989460355 6
      vertex 8.080337455152293 -11.979592923420354 6
      vertex 7.4931849065080085 -11.10910347223756 6
    endloop
  endfacet
  facet normal 0 0 1
    outer loop
      vertex 7.6573333681698115 -12.254294989460355 6
      vertex 7.4931849065080085 -11.10910347223756 6
      vertex 7.1009181407249455 -11.363844488496108 6
    endloop
  endfacet
  facet normal 0 0 1
    outer loop
      vertex 8.080337455152293 -11.979592923420354 6
      vertex 7.87632238071914 -10.840827724624296 6
      vertex 7.4931849065080085 -11.10910347223756 6
    endloop
  endfacet
  facet normal 0 0 1
    outer loop
      vertex 8.080337455152293 -11.979592923420354 6
      vertex 8.493496895626237 -11.69029556871799 6
      vertex 7.87632238071914 -10.840827724624296 6
    endloop
  endfacet
  facet normal 0 0 1
    outer loop
      vertex 8.493496895626237 -11.69029556871799 6
      vertex 8.249863769363822 -10.559344098330074 6
      vertex 7.87632238071914 -10.840827724624296 6
    endloop
  endfacet
  facet normal 0 0 1
    outer loop
      vertex 8.493496895626237 -11.69029556871799 6
      vertex 8.896308318455763 -11.386755389617132 6
      vertex 8.249863769363822 -10.559344098330074 6
    endloop
  endfacet
  facet normal 0 0 1
    outer loop
      vertex 8.896308318455763 -11.386755389617132 6
      vertex 9.288280959970493 -11.069342203069233 6
      vertex 8.613353969799626 -10.264995537794306 6
    endloop
  endfacet
  facet normal 0 0 1
    outer loop
      vertex 8.896308318455763 -11.386755389617132 6
      vertex 8.613353969799626 -10.264995537794306 6
      vertex 8.249863769363822 -10.559344098330074 6
    endloop
  endfacet
  facet normal 0 0 1
    outer loop
      vertex 9.288280959970493 -11.069342203069233 6
      vertex 8.9663501252087 -9.958140661397083 6
      vertex 8.613353969799626 -10.264995537794306 6
    endloop
  endfacet
  facet normal 0 0 1
    outer loop
      vertex 9.288280959970493 -11.069342203069233 6
      vertex 9.668937261885501 -10.738442728148348 6
      vertex 8.9663501252087 -9.958140661397083 6
    endloop
  endfacet
  facet normal 0 0 1
    outer loop
      vertex 9.668937261885501 -10.738442728148348 6
      vertex 9.308422164150564 -9.639153324537926 6
      vertex 8.9663501252087 -9.958140661397083 6
    endloop
  endfacet
  facet normal 0 0 1
    outer loop
      vertex 9.668937261885501 -10.738442728148348 6
      vertex 10.037813453132511 -10.39446011489351 6
      vertex 9.639153324537926 -9.308422164150564 6
    endloop
  endfacet
  facet normal 0 0 1
    outer loop
      vertex 9.668937261885501 -10.738442728148348 6
      vertex 9.639153324537926 -9.308422164150564 6
      vertex 9.308422164150564 -9.639153324537926 6
    endloop
  endfacet
  facet normal 0 0 1
    outer loop
      vertex 10.037813453132511 -10.39446011489351 6
      vertex 9.958140661397083 -8.9663501252087 6
      vertex 9.639153324537926 -9.308422164150564 6
    endloop
  endfacet
  facet normal 0 0 1
    outer loop
      vertex 10.037813453132511 -10.39446011489351 6
      vertex 10.39446011489351 -10.037813453132511 6
      vertex 9.958140661397083 -8.9663501252087 6
    endloop
  endfacet
  facet normal 0 0 1
    outer loop
      vertex 10.39446011489351 -10.037813453132511 6
      vertex 10.264995537794306 -8.613353969799626 6
      vertex 9.958140661397083 -8.9663501252087 6
    endloop
  endfacet
  facet normal 0 0 1
    outer loop
      vertex 10.39446011489351 -10.037813453132511 6
      vertex 10.738442728148348 -9.668937261885501 6
      vertex 10.264995537794306 -8.613353969799626 6
    endloop
  endfacet
  facet normal 0 0 1
    outer loop
      vertex 10.738442728148348 -9.668937261885501 6
      vertex 11.069342203069233 -9.288280959970493 6
      vertex 10.559344098330074 -8.249863769363822 6
    endloop
  endfacet
  facet normal 0 0 1
    outer loop
      vertex 10.738442728148348 -9.668937261885501 6
      vertex 10.559344098330074 -8.249863769363822 6
      vertex 10.264995537794306 -8.613353969799626 6
    endloop
  endfacet
  facet normal 0 0 1
    outer loop
      vertex 11.069342203069233 -9.288280959970493 6
      vertex 10.840827724624296 -7.87632238071914 6
      vertex 10.559344098330074 -8.249863769363822 6
    endloop
  endfacet
  facet normal 0 0 1
    outer loop
      vertex 11.069342203069233 -9.288280959970493 6
      vertex 11.386755389617132 -8.896308318455763 6
      vertex 10.840827724624296 -7.87632238071914 6
    endloop
  endfacet
  facet normal 0 0 1
    outer loop
      vertex 11.386755389617132 -8.896308318455763 6
      vertex 11.69029556871799 -8.493496895626237 6
      vertex 11.363844488496108 -7.1009181407249455 6
    endloop
  endfacet
  facet normal 0 0 1
    outer loop
      vertex 11.386755389617132 -8.896308318455763 6
      vertex 11.10910347223756 -7.4931849065080085 6
      vertex 10.840827724624296 -7.87632238071914 6
    endloop
  endfacet
  facet normal 0 0 1
    outer loop
      vertex 11.386755389617132 -8.896308318455763 6
      vertex 11.363844488496108 -7.1009181407249455 6
      vertex 11.10910347223756 -7.4931849065080085 6
    endloop
  endfacet
  facet normal 0 0 1
    outer loop
      vertex 11.69029556871799 -8.493496895626237 6
      vertex 11.604740410711477 -6.7 6
      vertex 11.363844488496108 -7.1009181407249455 6
    endloop
  endfacet
  facet normal 0 0 1
    outer loop
      vertex 11.69029556871799 -8.493496895626237 6
      vertex 11.979592923420354 -8.080337455152293 6
      vertex 11.604740410711477 -6.7 6
    endloop
  endfacet
  facet normal 0 0 1
    outer loop
      vertex 11.979592923420354 -8.080337455152293 6
      vertex 12.254294989460355 -7.6573333681698115 6
      vertex 11.831497744309623 -6.290918941330937 6
    endloop
  endfacet
  facet normal 0.8746197071393942 -0.48480962024634 0
    outer loop
      vertex 12.758592716811496 -6.783864082256122 0
      vertex 12.758592716811496 -6.783864082256122 6
      vertex 12.514067084685138 -7.2250000000000005 6
    endloop
  endfacet
  facet normal 0.8910065241883677 -0.4539904997395473 0
    outer loop
      vertex 12.987573969022964 -6.33446307110217 0
      vertex 12.987573969022964 -6.33446307110217 6
      vertex 12.758592716811496 -6.783864082256122 6
    endloop
  endfacet
  facet normal 0.9063077870366505 -0.4226182617406981 0
    outer loop
      vertex 13.200731862935584 -5.877344492445314 0
      vertex 13.200731862935584 -5.877344492445314 6
      vertex 12.987573969022964 -6.33446307110217 6
    endloop
  endfacet
  facet normal 0.9205048534524402 -0.39073112848927427 0
    outer loop
      vertex 13.39780669849008 -5.413065274859929 0
      vertex 13.39780669849008 -5.413065274859929 6
      vertex 13.200731862935584 -5.877344492445314 6
    endloop
  endfacet
  facet normal 0.9335804264972015 -0.35836794954530077 0
    outer loop
      vertex 13.578558370356378 -4.942191071055913 0
      vertex 13.578558370356378 -4.942191071055913 6
      vertex 13.39780669849008 -5.413065274859929 6
    endloop
  endfacet
  facet normal 0.9455185755993175 -0.3255681544571543 0
    outer loop
      vertex 13.74276666046497 -4.46529556871799 0
      vertex 13.74276666046497 -4.46529556871799 6
      vertex 13.578558370356378 -4.942191071055913 6
    endloop
  endfacet
  facet normal 0.9563047559630351 -0.2923717047227382 0
    outer loop
      vertex 13.890231506308709 -3.982959791555638 0
      vertex 13.890231506308709 -3.982959791555638 6
      vertex 13.74276666046497 -4.46529556871799 6
    endloop
  endfacet
  facet normal 0.9659258262890681 -0.25881904510252207 0
    outer loop
      vertex 14.02077324468815 -3.495771391415199 0
      vertex 14.02077324468815 -3.495771391415199 6
      vertex 13.890231506308709 -3.982959791555638 6
    endloop
  endfacet
  facet normal 0.9743700647852355 -0.2249510543438638 0
    outer loop
      vertex 14.134232830603493 -3.004323932316623 0
      vertex 14.134232830603493 -3.004323932316623 6
      vertex 14.02077324468815 -3.495771391415199 6
    endloop
  endfacet
  facet normal 0.9816271834476641 -0.1908089953765436 0
    outer loop
      vertex 14.230472031026407 -2.5092161672871436 0
      vertex 14.230472031026407 -2.5092161672871436 6
      vertex 14.134232830603493 -3.004323932316623 6
    endloop
  endfacet
  facet normal 0.9876883405951375 -0.1564344650402325 0
    outer loop
      vertex 14.309373593315692 -2.0110513088729456 0
      vertex 14.309373593315692 -2.0110513088729456 6
      vertex 14.230472031026407 -2.5092161672871436 6
    endloop
  endfacet
  facet normal 0.9925461516413222 -0.12186934340514614 0
    outer loop
      vertex 14.37084138807155 -1.5104362942175928 0
      vertex 14.37084138807155 -1.5104362942175928 6
      vertex 14.309373593315692 -2.0110513088729456 6
    endloop
  endfacet
  facet normal 0.9961946980917458 -0.08715574274765614 0
    outer loop
      vertex 14.41480052625446 -1.0079810456026106 0
      vertex 14.41480052625446 -1.0079810456026106 6
      vertex 14.37084138807155 -1.5104362942175928 6
    endloop
  endfacet
  facet normal 0.9986295347545736 -0.0523359562429488 0
    outer loop
      vertex 14.441197450425936 -0.5042977273511391 0
      vertex 14.441197450425936 -0.5042977273511391 6
      vertex 14.41480052625446 -1.0079810456026106 6
    endloop
  endfacet
  facet normal 0.9998476951563913 -0.01745240643728126 0
    outer loop
      vertex 14.441197450425936 -0.5042977273511391 6
      vertex 14.450000000000001 0 0
      vertex 14.450000000000001 0 6
    endloop
  endfacet
  facet normal 0 0 1
    outer loop
      vertex 11.979592923420354 -8.080337455152293 6
      vertex 11.831497744309623 -6.290918941330937 6
      vertex 11.604740410711477 -6.7 6
    endloop
  endfacet
  facet normal 0 0 1
    outer loop
      vertex 12.254294989460355 -7.6573333681698115 6
      vertex 12.043840220408839 -5.874173366973638 6
      vertex 11.831497744309623 -6.290918941330937 6
    endloop
  endfacet
  facet normal 0 0 1
    outer loop
      vertex 12.254294989460355 -7.6573333681698115 6
      vertex 12.241509132410853 -5.450271017215723 6
      vertex 12.043840220408839 -5.874173366973638 6
    endloop
  endfacet
  facet normal 0 0 1
    outer loop
      vertex 12.254294989460355 -7.6573333681698115 6
      vertex 12.514067084685138 -7.2250000000000005 6
      vertex 12.241509132410853 -5.450271017215723 6
    endloop
  endfacet
  facet normal 0 0 1
    outer loop
      vertex 12.514067084685138 -7.2250000000000005 6
      vertex 12.758592716811496 -6.783864082256122 6
      vertex 12.424263651194952 -5.019728351773221 6
    endloop
  endfacet
  facet normal 0 0 1
    outer loop
      vertex 12.514067084685138 -7.2250000000000005 6
      vertex 12.424263651194952 -5.019728351773221 6
      vertex 12.241509132410853 -5.450271017215723 6
    endloop
  endfacet
  facet normal 0 0 1
    outer loop
      vertex 12.758592716811496 -6.783864082256122 6
      vertex 12.591881118531173 -4.583069920563961 6
      vertex 12.424263651194952 -5.019728351773221 6
    endloop
  endfacet
  facet normal 0 0 1
    outer loop
      vertex 12.758592716811496 -6.783864082256122 6
      vertex 12.987573969022964 -6.33446307110217 6
      vertex 12.744157318355057 -4.1408277246242955 6
    endloop
  endfacet
  facet normal 0 0 1
    outer loop
      vertex 12.758592716811496 -6.783864082256122 6
      vertex 12.744157318355057 -4.1408277246242955 6
      vertex 12.591881118531173 -4.583069920563961 6
    endloop
  endfacet
  facet normal 0 0 1
    outer loop
      vertex 12.987573969022964 -6.33446307110217 6
      vertex 13.200731862935584 -5.877344492445314 6
      vertex 12.880906725573473 -3.693540567947789 6
    endloop
  endfacet
  facet normal 0 0 1
    outer loop
      vertex 12.987573969022964 -6.33446307110217 6
      vertex 12.880906725573473 -3.693540567947789 6
      vertex 12.744157318355057 -4.1408277246242955 6
    endloop
  endfacet
  facet normal 0 0 1
    outer loop
      vertex 13.200731862935584 -5.877344492445314 6
      vertex 13.39780669849008 -5.413065274859929 6
      vertex 13.196423890363588 -2.3268855807368665 6
    endloop
  endfacet
  facet normal 0 0 1
    outer loop
      vertex 13.200731862935584 -5.877344492445314 6
      vertex 13.001962732098352 -3.2417534010355475 6
      vertex 12.880906725573473 -3.693540567947789 6
    endloop
  endfacet
  facet normal 0 0 1
    outer loop
      vertex 13.200731862935584 -5.877344492445314 6
      vertex 13.107177849832997 -2.786016656957975 6
      vertex 13.001962732098352 -3.2417534010355475 6
    endloop
  endfacet
  facet normal 0 0 1
    outer loop
      vertex 13.200731862935584 -5.877344492445314 6
      vertex 13.196423890363588 -2.3268855807368665 6
      vertex 13.107177849832997 -2.786016656957975 6
    endloop
  endfacet
  facet normal 0 0 1
    outer loop
      vertex 13.39780669849008 -5.413065274859929 6
      vertex 13.269592121137043 -1.864919552864877 6
      vertex 13.196423890363588 -2.3268855807368665 6
    endloop
  endfacet
  facet normal 0 0 1
    outer loop
      vertex 13.39780669849008 -5.413065274859929 6
      vertex 13.578558370356378 -4.942191071055913 6
      vertex 13.391837082055883 -0.467653255813513 6
    endloop
  endfacet
  facet normal 0 0 1
    outer loop
      vertex 13.39780669849008 -5.413065274859929 6
      vertex 13.326593397934863 -1.4006814077865566 6
      vertex 13.269592121137043 -1.864919552864877 6
    endloop
  endfacet
  facet normal 0 0 1
    outer loop
      vertex 13.39780669849008 -5.413065274859929 6
      vertex 13.367358273481644 -0.934736748171279 6
      vertex 13.326593397934863 -1.4006814077865566 6
    endloop
  endfacet
  facet normal 0 0 1
    outer loop
      vertex 13.39780669849008 -5.413065274859929 6
      vertex 13.391837082055883 -0.467653255813513 6
      vertex 13.367358273481644 -0.934736748171279 6
    endloop
  endfacet
  facet normal 0 0 1
    outer loop
      vertex 13.578558370356378 -4.942191071055913 6
      vertex 13.4 0 6
      vertex 13.391837082055883 -0.467653255813513 6
    endloop
  endfacet
  facet normal 0 0 1
    outer loop
      vertex 13.578558370356378 -4.942191071055913 6
      vertex 13.74276666046497 -4.46529556871799 6
      vertex 13.578558370356378 4.942191071055913 6
    endloop
  endfacet
  facet normal 0 0 1
    outer loop
      vertex 13.74276666046497 -4.46529556871799 6
      vertex 13.890231506308709 -3.982959791555638 6
      vertex 13.74276666046497 4.46529556871799 6
    endloop
  endfacet
  facet normal 0 0 1
    outer loop
      vertex 13.890231506308709 -3.982959791555638 6
      vertex 14.02077324468815 -3.495771391415199 6
      vertex 13.890231506308709 3.982959791555638 6
    endloop
  endfacet
  facet normal 0 0 1
    outer loop
      vertex 14.02077324468815 -3.495771391415199 6
      vertex 14.134232830603493 -3.004323932316623 6
      vertex 14.02077324468815 3.495771391415199 6
    endloop
  endfacet
  facet normal 0 0 1
    outer loop
      vertex 14.134232830603493 -3.004323932316623 6
      vertex 14.230472031026407 -2.5092161672871436 6
      vertex 14.134232830603493 3.004323932316623 6
    endloop
  endfacet
  facet normal 0 0 1
    outer loop
      vertex 14.230472031026407 -2.5092161672871436 6
      vertex 14.309373593315692 -2.0110513088729456 6
      vertex 14.230472031026407 2.5092161672871436 6
    endloop
  endfacet
  facet normal 0 0 1
    outer loop
      vertex 14.309373593315692 -2.0110513088729456 6
      vertex 14.37084138807155 -1.5104362942175928 6
      vertex 14.309373593315692 2.0110513088729456 6
    endloop
  endfacet
  facet normal 0 0 1
    outer loop
      vertex 14.37084138807155 -1.5104362942175928 6
      vertex 14.41480052625446 -1.0079810456026106 6
      vertex 14.37084138807155 1.5104362942175928 6
    endloop
  endfacet
  facet normal 0 0 1
    outer loop
      vertex 14.41480052625446 -1.0079810456026106 6
      vertex 14.441197450425936 -0.5042977273511391 6
      vertex 14.41480052625446 1.0079810456026106 6
    endloop
  endfacet
  facet normal 0 0 -1
    outer loop
      vertex 0.5042977273511391 14.441197450425936 0
      vertex 0.467653255813513 13.391837082055883 0
      vertex 0 13.4 0
    endloop
  endfacet
  facet normal 0 0 -1
    outer loop
      vertex 0 14.450000000000001 0
      vertex 0.5042977273511391 14.441197450425936 0
      vertex 0 13.4 0
    endloop
  endfacet
  facet normal 0 0 -1
    outer loop
      vertex 1.0079810456026106 14.41480052625446 0
      vertex 0.934736748171279 13.367358273481644 0
      vertex 0.467653255813513 13.391837082055883 0
    endloop
  endfacet
  facet normal 0 0 -1
    outer loop
      vertex 0.5042977273511391 14.441197450425936 0
      vertex 1.0079810456026106 14.41480052625446 0
      vertex 0.467653255813513 13.391837082055883 0
    endloop
  endfacet
  facet normal 0 0 -1
    outer loop
      vertex 1.5104362942175928 14.37084138807155 0
      vertex 1.4006814077865566 13.326593397934863 0
      vertex 0.934736748171279 13.367358273481644 0
    endloop
  endfacet
  facet normal 0 0 -1
    outer loop
      vertex 1.0079810456026106 14.41480052625446 0
      vertex 1.5104362942175928 14.37084138807155 0
      vertex 0.934736748171279 13.367358273481644 0
    endloop
  endfacet
  facet normal 0 0 -1
    outer loop
      vertex 2.0110513088729456 14.309373593315692 0
      vertex 1.864919552864877 13.269592121137043 0
      vertex 1.4006814077865566 13.326593397934863 0
    endloop
  endfacet
  facet normal 0 0 -1
    outer loop
      vertex 1.5104362942175928 14.37084138807155 0
      vertex 2.0110513088729456 14.309373593315692 0
      vertex 1.4006814077865566 13.326593397934863 0
    endloop
  endfacet
  facet normal 0 0 -1
    outer loop
      vertex 3.004323932316623 14.134232830603493 0
      vertex 2.786016656957975 13.107177849832997 0
      vertex 2.3268855807368665 13.196423890363588 0
    endloop
  endfacet
  facet normal 0 0 -1
    outer loop
      vertex 2.5092161672871436 14.230472031026407 0
      vertex 2.3268855807368665 13.196423890363588 0
      vertex 1.864919552864877 13.269592121137043 0
    endloop
  endfacet
  facet normal 0 0 -1
    outer loop
      vertex 2.0110513088729456 14.309373593315692 0
      vertex 2.5092161672871436 14.230472031026407 0
      vertex 1.864919552864877 13.269592121137043 0
    endloop
  endfacet
  facet normal 0 0 -1
    outer loop
      vertex 2.5092161672871436 14.230472031026407 0
      vertex 3.004323932316623 14.134232830603493 0
      vertex 2.3268855807368665 13.196423890363588 0
    endloop
  endfacet
  facet normal 0 0 -1
    outer loop
      vertex 3.495771391415199 14.02077324468815 0
      vertex 3.2417534010355475 13.001962732098352 0
      vertex 2.786016656957975 13.107177849832997 0
    endloop
  endfacet
  facet normal 0 0 -1
    outer loop
      vertex 3.004323932316623 14.134232830603493 0
      vertex 3.495771391415199 14.02077324468815 0
      vertex 2.786016656957975 13.107177849832997 0
    endloop
  endfacet
  facet normal 0 0 -1
    outer loop
      vertex 3.495771391415199 14.02077324468815 0
      vertex 3.982959791555638 13.890231506308709 0
      vertex 3.2417534010355475 13.001962732098352 0
    endloop
  endfacet
  facet normal 0 0 -1
    outer loop
      vertex 3.982959791555638 13.890231506308709 0
      vertex 3.693540567947789 12.880906725573473 0
      vertex 3.2417534010355475 13.001962732098352 0
    endloop
  endfacet
  facet normal 0 0 -1
    outer loop
      vertex 3.982959791555638 13.890231506308709 0
      vertex 4.46529556871799 13.74276666046497 0
      vertex 3.693540567947789 12.880906725573473 0
    endloop
  endfacet
  facet normal 0 0 -1
    outer loop
      vertex 4.46529556871799 13.74276666046497 0
      vertex 4.1408277246242955 12.744157318355057 0
      vertex 3.693540567947789 12.880906725573473 0
    endloop
  endfacet
  facet normal 0 0 -1
    outer loop
      vertex 4.942191071055913 13.578558370356378 0
      vertex 4.583069920563961 12.591881118531173 0
      vertex 4.1408277246242955 12.744157318355057 0
    endloop
  endfacet
  facet normal 0 0 -1
    outer loop
      vertex 4.46529556871799 13.74276666046497 0
      vertex 4.942191071055913 13.578558370356378 0
      vertex 4.1408277246242955 12.744157318355057 0
    endloop
  endfacet
  facet normal 0 0 -1
    outer loop
      vertex 5.413065274859929 13.39780669849008 0
      vertex 5.019728351773221 12.424263651194952 0
      vertex 4.583069920563961 12.591881118531173 0
    endloop
  endfacet
  facet normal 0 0 -1
    outer loop
      vertex 5.413065274859929 13.39780669849008 0
      vertex 4.583069920563961 12.591881118531173 0
      vertex 4.942191071055913 13.578558370356378 0
    endloop
  endfacet
  facet normal 0 0 -1
    outer loop
      vertex 5.877344492445314 13.200731862935584 0
      vertex 5.450271017215723 12.241509132410853 0
      vertex 5.019728351773221 12.424263651194952 0
    endloop
  endfacet
  facet normal 0 0 -1
    outer loop
      vertex 5.877344492445314 13.200731862935584 0
      vertex 5.874173366973638 12.043840220408839 0
      vertex 5.450271017215723 12.241509132410853 0
    endloop
  endfacet
  facet normal 0 0 -1
    outer loop
      vertex 6.33446307110217 12.987573969022964 0
      vertex 6.290918941330937 11.831497744309623 0
      vertex 5.874173366973638 12.043840220408839 0
    endloop
  endfacet
  facet normal 0 0 -1
    outer loop
      vertex 6.783864082256122 12.758592716811496 0
      vertex 6.7 11.604740410711477 0
      vertex 6.290918941330937 11.831497744309623 0
    endloop
  endfacet
  facet normal 0 0 -1
    outer loop
      vertex 6.33446307110217 12.987573969022964 0
      vertex 6.783864082256122 12.758592716811496 0
      vertex 6.290918941330937 11.831497744309623 0
    endloop
  endfacet
  facet normal 0 0 -1
    outer loop
      vertex 7.2250000000000005 12.514067084685138 0
      vertex 7.1009181407249455 11.363844488496108 0
      vertex 6.7 11.604740410711477 0
    endloop
  endfacet
  facet normal 0 0 -1
    outer loop
      vertex 6.783864082256122 12.758592716811496 0
      vertex 7.2250000000000005 12.514067084685138 0
      vertex 6.7 11.604740410711477 0
    endloop
  endfacet
  facet normal 0 0 -1
    outer loop
      vertex 5.413065274859929 13.39780669849008 0
      vertex 5.877344492445314 13.200731862935584 0
      vertex 5.019728351773221 12.424263651194952 0
    endloop
  endfacet
  facet normal 0 0 -1
    outer loop
      vertex 5.877344492445314 13.200731862935584 0
      vertex 6.33446307110217 12.987573969022964 0
      vertex 5.874173366973638 12.043840220408839 0
    endloop
  endfacet
  facet normal 0.01745240643728126 0.9998476951563913 0
    outer loop
      vertex 0 14.450000000000001 0
      vertex 0 14.450000000000001 6
      vertex 0.5042977273511391 14.441197450425936 0
    endloop
  endfacet
  facet normal 0.0523359562429488 0.9986295347545736 0
    outer loop
      vertex 0.5042977273511391 14.441197450425936 0
      vertex 0.5042977273511391 14.441197450425936 6
      vertex 1.0079810456026106 14.41480052625446 0
    endloop
  endfacet
  facet normal 0.08715574274765614 0.9961946980917458 0
    outer loop
      vertex 1.0079810456026106 14.41480052625446 0
      vertex 1.0079810456026106 14.41480052625446 6
      vertex 1.5104362942175928 14.37084138807155 0
    endloop
  endfacet
  facet normal 0.12186934340514614 0.9925461516413222 0
    outer loop
      vertex 1.5104362942175928 14.37084138807155 0
      vertex 1.5104362942175928 14.37084138807155 6
      vertex 2.0110513088729456 14.309373593315692 0
    endloop
  endfacet
  facet normal 0.1564344650402325 0.9876883405951375 0
    outer loop
      vertex 2.0110513088729456 14.309373593315692 0
      vertex 2.0110513088729456 14.309373593315692 6
      vertex 2.5092161672871436 14.230472031026407 0
    endloop
  endfacet
  facet normal 0.1908089953765436 0.9816271834476641 0
    outer loop
      vertex 2.5092161672871436 14.230472031026407 0
      vertex 2.5092161672871436 14.230472031026407 6
      vertex 3.004323932316623 14.134232830603493 0
    endloop
  endfacet
  facet normal 0.2249510543438638 0.9743700647852355 0
    outer loop
      vertex 3.004323932316623 14.134232830603493 0
      vertex 3.004323932316623 14.134232830603493 6
      vertex 3.495771391415199 14.02077324468815 0
    endloop
  endfacet
  facet normal 0.25881904510252207 0.9659258262890681 0
    outer loop
      vertex 3.495771391415199 14.02077324468815 0
      vertex 3.495771391415199 14.02077324468815 6
      vertex 3.982959791555638 13.890231506308709 0
    endloop
  endfacet
  facet normal 0.2923717047227382 0.9563047559630351 0
    outer loop
      vertex 3.982959791555638 13.890231506308709 0
      vertex 3.982959791555638 13.890231506308709 6
      vertex 4.46529556871799 13.74276666046497 0
    endloop
  endfacet
  facet normal 0.35836794954530077 0.9335804264972015 0
    outer loop
      vertex 5.413065274859929 13.39780669849008 0
      vertex 4.942191071055913 13.578558370356378 0
      vertex 4.942191071055913 13.578558370356378 6
    endloop
  endfacet
  facet normal 0.3255681544571543 0.9455185755993175 0
    outer loop
      vertex 4.46529556871799 13.74276666046497 0
      vertex 4.46529556871799 13.74276666046497 6
      vertex 4.942191071055913 13.578558370356378 0
    endloop
  endfacet
  facet normal 0.39073112848927427 0.9205048534524402 0
    outer loop
      vertex 5.413065274859929 13.39780669849008 0
      vertex 5.413065274859929 13.39780669849008 6
      vertex 5.877344492445314 13.200731862935584 0
    endloop
  endfacet
  facet normal 0.4226182617406981 0.9063077870366505 0
    outer loop
      vertex 5.877344492445314 13.200731862935584 0
      vertex 5.877344492445314 13.200731862935584 6
      vertex 6.33446307110217 12.987573969022964 0
    endloop
  endfacet
  facet normal 0.4539904997395473 0.8910065241883677 0
    outer loop
      vertex 6.33446307110217 12.987573969022964 0
      vertex 6.33446307110217 12.987573969022964 6
      vertex 6.783864082256122 12.758592716811496 0
    endloop
  endfacet
  facet normal 0.48480962024634 0.8746197071393942 0
    outer loop
      vertex 6.783864082256122 12.758592716811496 0
      vertex 6.783864082256122 12.758592716811496 6
      vertex 7.2250000000000005 12.514067084685138 0
    endloop
  endfacet
  facet normal 0 0 -1
    outer loop
      vertex 13.578558370356378 4.942191071055913 0
      vertex 13.4 0 0
      vertex 13.391837082055883 0.467653255813513 0
    endloop
  endfacet
  facet normal 0 0 -1
    outer loop
      vertex 14.441197450425936 -0.5042977273511391 0
      vertex 14.441197450425936 0.5042977273511391 0
      vertex 14.450000000000001 0 0
    endloop
  endfacet
  facet normal 0 0 -1
    outer loop
      vertex 14.41480052625446 -1.0079810456026106 0
      vertex 14.41480052625446 1.0079810456026106 0
      vertex 14.441197450425936 0.5042977273511391 0
    endloop
  endfacet
  facet normal 0 0 -1
    outer loop
      vertex 14.37084138807155 -1.5104362942175928 0
      vertex 14.37084138807155 1.5104362942175928 0
      vertex 14.41480052625446 1.0079810456026106 0
    endloop
  endfacet
  facet normal 0 0 -1
    outer loop
      vertex 14.134232830603493 -3.004323932316623 0
      vertex 14.134232830603493 3.004323932316623 0
      vertex 14.230472031026407 2.5092161672871436 0
    endloop
  endfacet
  facet normal 0 0 -1
    outer loop
      vertex 14.309373593315692 -2.0110513088729456 0
      vertex 14.309373593315692 2.0110513088729456 0
      vertex 14.37084138807155 1.5104362942175928 0
    endloop
  endfacet
  facet normal 0 0 -1
    outer loop
      vertex 14.230472031026407 -2.5092161672871436 0
      vertex 14.230472031026407 2.5092161672871436 0
      vertex 14.309373593315692 2.0110513088729456 0
    endloop
  endfacet
  facet normal 0 0 -1
    outer loop
      vertex 13.74276666046497 -4.46529556871799 0
      vertex 13.74276666046497 4.46529556871799 0
      vertex 13.890231506308709 3.982959791555638 0
    endloop
  endfacet
  facet normal 0 0 -1
    outer loop
      vertex 13.890231506308709 -3.982959791555638 0
      vertex 13.890231506308709 3.982959791555638 0
      vertex 14.02077324468815 3.495771391415199 0
    endloop
  endfacet
  facet normal 0 0 -1
    outer loop
      vertex 13.578558370356378 -4.942191071055913 0
      vertex 13.578558370356378 4.942191071055913 0
      vertex 13.74276666046497 4.46529556871799 0
    endloop
  endfacet
  facet normal 0 0 -1
    outer loop
      vertex 14.02077324468815 -3.495771391415199 0
      vertex 14.02077324468815 3.495771391415199 0
      vertex 14.134232830603493 3.004323932316623 0
    endloop
  endfacet
  facet normal 0 0 -1
    outer loop
      vertex 13.39780669849008 5.413065274859929 0
      vertex 13.391837082055883 0.467653255813513 0
      vertex 13.367358273481644 0.934736748171279 0
    endloop
  endfacet
  facet normal 0 0 -1
    outer loop
      vertex 13.39780669849008 5.413065274859929 0
      vertex 13.367358273481644 0.934736748171279 0
      vertex 13.326593397934863 1.4006814077865566 0
    endloop
  endfacet
  facet normal 0 0 -1
    outer loop
      vertex 13.39780669849008 5.413065274859929 0
      vertex 13.326593397934863 1.4006814077865566 0
      vertex 13.269592121137043 1.864919552864877 0
    endloop
  endfacet
  facet normal 0 0 -1
    outer loop
      vertex 13.39780669849008 5.413065274859929 0
      vertex 13.269592121137043 1.864919552864877 0
      vertex 13.196423890363588 2.3268855807368665 0
    endloop
  endfacet
  facet normal 0 0 -1
    outer loop
      vertex 13.39780669849008 5.413065274859929 0
      vertex 13.578558370356378 4.942191071055913 0
      vertex 13.391837082055883 0.467653255813513 0
    endloop
  endfacet
  facet normal 0 0 -1
    outer loop
      vertex 12.758592716811496 6.783864082256122 0
      vertex 12.591881118531173 4.583069920563961 0
      vertex 12.424263651194952 5.019728351773221 0
    endloop
  endfacet
  facet normal 0 0 -1
    outer loop
      vertex 12.514067084685138 7.2250000000000005 0
      vertex 12.424263651194952 5.019728351773221 0
      vertex 12.241509132410853 5.450271017215723 0
    endloop
  endfacet
  facet normal 0 0 -1
    outer loop
      vertex 12.254294989460355 7.6573333681698115 0
      vertex 12.241509132410853 5.450271017215723 0
      vertex 12.043840220408839 5.874173366973638 0
    endloop
  endfacet
  facet normal 0 0 -1
    outer loop
      vertex 12.254294989460355 7.6573333681698115 0
      vertex 12.043840220408839 5.874173366973638 0
      vertex 11.831497744309623 6.290918941330937 0
    endloop
  endfacet
  facet normal 0 0 -1
    outer loop
      vertex 11.979592923420354 8.080337455152293 0
      vertex 11.831497744309623 6.290918941330937 0
      vertex 11.604740410711477 6.7 0
    endloop
  endfacet
  facet normal 0 0 -1
    outer loop
      vertex 12.758592716811496 6.783864082256122 0
      vertex 12.424263651194952 5.019728351773221 0
      vertex 12.514067084685138 7.2250000000000005 0
    endloop
  endfacet
  facet normal 0 0 -1
    outer loop
      vertex 12.254294989460355 7.6573333681698115 0
      vertex 12.514067084685138 7.2250000000000005 0
      vertex 12.241509132410853 5.450271017215723 0
    endloop
  endfacet
  facet normal 0 0 -1
    outer loop
      vertex 13.200731862935584 5.877344492445314 0
      vertex 13.001962732098352 3.2417534010355475 0
      vertex 12.880906725573473 3.693540567947789 0
    endloop
  endfacet
  facet normal 0 0 -1
    outer loop
      vertex 13.200731862935584 5.877344492445314 0
      vertex 13.196423890363588 2.3268855807368665 0
      vertex 13.107177849832997 2.786016656957975 0
    endloop
  endfacet
  facet normal 0 0 -1
    outer loop
      vertex 13.200731862935584 5.877344492445314 0
      vertex 13.107177849832997 2.786016656957975 0
      vertex 13.001962732098352 3.2417534010355475 0
    endloop
  endfacet
  facet normal 0 0 -1
    outer loop
      vertex 12.987573969022964 6.33446307110217 0
      vertex 12.880906725573473 3.693540567947789 0
      vertex 12.744157318355057 4.1408277246242955 0
    endloop
  endfacet
  facet normal 0 0 -1
    outer loop
      vertex 12.758592716811496 6.783864082256122 0
      vertex 12.744157318355057 4.1408277246242955 0
      vertex 12.591881118531173 4.583069920563961 0
    endloop
  endfacet
  facet normal 0 0 -1
    outer loop
      vertex 13.200731862935584 5.877344492445314 0
      vertex 12.880906725573473 3.693540567947789 0
      vertex 12.987573969022964 6.33446307110217 0
    endloop
  endfacet
  facet normal 0 0 -1
    outer loop
      vertex 13.39780669849008 5.413065274859929 0
      vertex 13.196423890363588 2.3268855807368665 0
      vertex 13.200731862935584 5.877344492445314 0
    endloop
  endfacet
  facet normal 0 0 -1
    outer loop
      vertex 12.987573969022964 6.33446307110217 0
      vertex 12.744157318355057 4.1408277246242955 0
      vertex 12.758592716811496 6.783864082256122 0
    endloop
  endfacet
  facet normal 0.9998476951563913 0.01745240643728126 0
    outer loop
      vertex 14.450000000000001 0 0
      vertex 14.441197450425936 0.5042977273511391 0
      vertex 14.450000000000001 0 6
    endloop
  endfacet
  facet normal 0.9986295347545736 0.0523359562429488 0
    outer loop
      vertex 14.441197450425936 0.5042977273511391 0
      vertex 14.41480052625446 1.0079810456026106 0
      vertex 14.441197450425936 0.5042977273511391 6
    endloop
  endfacet
  facet normal 0.9961946980917458 0.08715574274765614 0
    outer loop
      vertex 14.41480052625446 1.0079810456026106 0
      vertex 14.37084138807155 1.5104362942175928 0
      vertex 14.41480052625446 1.0079810456026106 6
    endloop
  endfacet
  facet normal 0.9925461516413222 0.12186934340514614 0
    outer loop
      vertex 14.37084138807155 1.5104362942175928 0
      vertex 14.309373593315692 2.0110513088729456 0
      vertex 14.37084138807155 1.5104362942175928 6
    endloop
  endfacet
  facet normal 0.9876883405951375 0.1564344650402325 0
    outer loop
      vertex 14.309373593315692 2.0110513088729456 0
      vertex 14.230472031026407 2.5092161672871436 0
      vertex 14.309373593315692 2.0110513088729456 6
    endloop
  endfacet
  facet normal 0.9816271834476641 0.1908089953765436 0
    outer loop
      vertex 14.230472031026407 2.5092161672871436 0
      vertex 14.134232830603493 3.004323932316623 0
      vertex 14.230472031026407 2.5092161672871436 6
    endloop
  endfacet
  facet normal 0.9743700647852355 0.2249510543438638 0
    outer loop
      vertex 14.134232830603493 3.004323932316623 0
      vertex 14.02077324468815 3.495771391415199 0
      vertex 14.134232830603493 3.004323932316623 6
    endloop
  endfacet
  facet normal 0.9335804264972015 0.35836794954530077 0
    outer loop
      vertex 13.39780669849008 5.413065274859929 0
      vertex 13.578558370356378 4.942191071055913 6
      vertex 13.578558370356378 4.942191071055913 0
    endloop
  endfacet
  facet normal 0.9659258262890681 0.25881904510252207 0
    outer loop
      vertex 14.02077324468815 3.495771391415199 0
      vertex 13.890231506308709 3.982959791555638 0
      vertex 14.02077324468815 3.495771391415199 6
    endloop
  endfacet
  facet normal 0.9563047559630351 0.2923717047227382 0
    outer loop
      vertex 13.890231506308709 3.982959791555638 0
      vertex 13.74276666046497 4.46529556871799 0
      vertex 13.890231506308709 3.982959791555638 6
    endloop
  endfacet
  facet normal 0.9455185755993175 0.3255681544571543 0
    outer loop
      vertex 13.74276666046497 4.46529556871799 0
      vertex 13.578558370356378 4.942191071055913 0
      vertex 13.74276666046497 4.46529556871799 6
    endloop
  endfacet
  facet normal 0.9205048534524402 0.39073112848927427 0
    outer loop
      vertex 13.39780669849008 5.413065274859929 0
      vertex 13.200731862935584 5.877344492445314 0
      vertex 13.39780669849008 5.413065274859929 6
    endloop
  endfacet
  facet normal 0.9063077870366505 0.4226182617406981 0
    outer loop
      vertex 13.200731862935584 5.877344492445314 0
      vertex 12.987573969022964 6.33446307110217 0
      vertex 13.200731862935584 5.877344492445314 6
    endloop
  endfacet
  facet normal 0.8910065241883677 0.4539904997395473 0
    outer loop
      vertex 12.987573969022964 6.33446307110217 0
      vertex 12.758592716811496 6.783864082256122 0
      vertex 12.987573969022964 6.33446307110217 6
    endloop
  endfacet
  facet normal 0.8746197071393942 0.48480962024634 0
    outer loop
      vertex 12.758592716811496 6.783864082256122 0
      vertex 12.514067084685138 7.2250000000000005 0
      vertex 12.758592716811496 6.783864082256122 6
    endloop
  endfacet
  facet normal 0 0 -1
    outer loop
      vertex 8.896308318455763 11.386755389617132 0
      vertex 8.613353969799626 10.264995537794306 0
      vertex 8.249863769363822 10.559344098330074 0
    endloop
  endfacet
  facet normal 0 0 -1
    outer loop
      vertex 9.288280959970493 11.069342203069233 0
      vertex 8.9663501252087 9.958140661397083 0
      vertex 8.613353969799626 10.264995537794306 0
    endloop
  endfacet
  facet normal 0 0 -1
    outer loop
      vertex 11.069342203069233 9.288280959970493 0
      vertex 10.840827724624296 7.87632238071914 0
      vertex 10.559344098330074 8.249863769363822 0
    endloop
  endfacet
  facet normal 0 0 -1
    outer loop
      vertex 10.738442728148348 9.668937261885501 0
      vertex 10.559344098330074 8.249863769363822 0
      vertex 10.264995537794306 8.613353969799626 0
    endloop
  endfacet
  facet normal 0 0 -1
    outer loop
      vertex 9.668937261885501 10.738442728148348 0
      vertex 9.639153324537926 9.308422164150564 0
      vertex 9.308422164150564 9.639153324537926 0
    endloop
  endfacet
  facet normal 0 0 -1
    outer loop
      vertex 10.037813453132511 10.39446011489351 0
      vertex 9.958140661397083 8.9663501252087 0
      vertex 9.639153324537926 9.308422164150564 0
    endloop
  endfacet
  facet normal 0 0 -1
    outer loop
      vertex 9.668937261885501 10.738442728148348 0
      vertex 9.308422164150564 9.639153324537926 0
      vertex 8.9663501252087 9.958140661397083 0
    endloop
  endfacet
  facet normal 0 0 -1
    outer loop
      vertex 9.668937261885501 10.738442728148348 0
      vertex 8.9663501252087 9.958140661397083 0
      vertex 9.288280959970493 11.069342203069233 0
    endloop
  endfacet
  facet normal 0 0 -1
    outer loop
      vertex 9.668937261885501 10.738442728148348 0
      vertex 10.037813453132511 10.39446011489351 0
      vertex 9.639153324537926 9.308422164150564 0
    endloop
  endfacet
  facet normal 0 0 -1
    outer loop
      vertex 10.39446011489351 10.037813453132511 0
      vertex 10.264995537794306 8.613353969799626 0
      vertex 9.958140661397083 8.9663501252087 0
    endloop
  endfacet
  facet normal 0 0 -1
    outer loop
      vertex 10.037813453132511 10.39446011489351 0
      vertex 10.39446011489351 10.037813453132511 0
      vertex 9.958140661397083 8.9663501252087 0
    endloop
  endfacet
  facet normal 0 0 -1
    outer loop
      vertex 10.738442728148348 9.668937261885501 0
      vertex 10.264995537794306 8.613353969799626 0
      vertex 10.39446011489351 10.037813453132511 0
    endloop
  endfacet
  facet normal 0 0 -1
    outer loop
      vertex 10.738442728148348 9.668937261885501 0
      vertex 11.069342203069233 9.288280959970493 0
      vertex 10.559344098330074 8.249863769363822 0
    endloop
  endfacet
  facet normal 0 0 -1
    outer loop
      vertex 7.6573333681698115 12.254294989460355 0
      vertex 7.4931849065080085 11.10910347223756 0
      vertex 7.1009181407249455 11.363844488496108 0
    endloop
  endfacet
  facet normal 0 0 -1
    outer loop
      vertex 8.080337455152293 11.979592923420354 0
      vertex 7.87632238071914 10.840827724624296 0
      vertex 7.4931849065080085 11.10910347223756 0
    endloop
  endfacet
  facet normal 0 0 -1
    outer loop
      vertex 7.2250000000000005 12.514067084685138 0
      vertex 7.6573333681698115 12.254294989460355 0
      vertex 7.1009181407249455 11.363844488496108 0
    endloop
  endfacet
  facet normal 0 0 -1
    outer loop
      vertex 7.6573333681698115 12.254294989460355 0
      vertex 8.080337455152293 11.979592923420354 0
      vertex 7.4931849065080085 11.10910347223756 0
    endloop
  endfacet
  facet normal 0 0 -1
    outer loop
      vertex 8.493496895626237 11.69029556871799 0
      vertex 8.249863769363822 10.559344098330074 0
      vertex 7.87632238071914 10.840827724624296 0
    endloop
  endfacet
  facet normal 0 0 -1
    outer loop
      vertex 8.493496895626237 11.69029556871799 0
      vertex 8.896308318455763 11.386755389617132 0
      vertex 8.249863769363822 10.559344098330074 0
    endloop
  endfacet
  facet normal 0 0 -1
    outer loop
      vertex 8.080337455152293 11.979592923420354 0
      vertex 8.493496895626237 11.69029556871799 0
      vertex 7.87632238071914 10.840827724624296 0
    endloop
  endfacet
  facet normal 0 0 -1
    outer loop
      vertex 8.896308318455763 11.386755389617132 0
      vertex 9.288280959970493 11.069342203069233 0
      vertex 8.613353969799626 10.264995537794306 0
    endloop
  endfacet
  facet normal 0 0 -1
    outer loop
      vertex 11.386755389617132 8.896308318455763 0
      vertex 11.363844488496108 7.1009181407249455 0
      vertex 11.10910347223756 7.4931849065080085 0
    endloop
  endfacet
  facet normal 0 0 -1
    outer loop
      vertex 11.386755389617132 8.896308318455763 0
      vertex 11.10910347223756 7.4931849065080085 0
      vertex 10.840827724624296 7.87632238071914 0
    endloop
  endfacet
  facet normal 0 0 -1
    outer loop
      vertex 11.69029556871799 8.493496895626237 0
      vertex 11.604740410711477 6.7 0
      vertex 11.363844488496108 7.1009181407249455 0
    endloop
  endfacet
  facet normal 0 0 -1
    outer loop
      vertex 11.386755389617132 8.896308318455763 0
      vertex 10.840827724624296 7.87632238071914 0
      vertex 11.069342203069233 9.288280959970493 0
    endloop
  endfacet
  facet normal 0 0 -1
    outer loop
      vertex 11.69029556871799 8.493496895626237 0
      vertex 11.363844488496108 7.1009181407249455 0
      vertex 11.386755389617132 8.896308318455763 0
    endloop
  endfacet
  facet normal 0 0 -1
    outer loop
      vertex 11.979592923420354 8.080337455152293 0
      vertex 12.254294989460355 7.6573333681698115 0
      vertex 11.831497744309623 6.290918941330937 0
    endloop
  endfacet
  facet normal 0 0 -1
    outer loop
      vertex 11.69029556871799 8.493496895626237 0
      vertex 11.979592923420354 8.080337455152293 0
      vertex 11.604740410711477 6.7 0
    endloop
  endfacet
  facet normal 0.6819983600624984 0.7313537016191706 0
    outer loop
      vertex 9.668937261885501 10.738442728148348 0
      vertex 9.668937261885501 10.738442728148348 6
      vertex 10.037813453132511 10.39446011489351 0
    endloop
  endfacet
  facet normal 0.7313537016191706 0.6819983600624984 0
    outer loop
      vertex 10.738442728148348 9.668937261885501 0
      vertex 10.39446011489351 10.037813453132511 0
      vertex 10.738442728148348 9.668937261885501 6
    endloop
  endfacet
  facet normal 0.7071067811865476 0.7071067811865476 0
    outer loop
      vertex 10.037813453132511 10.39446011489351 0
      vertex 10.39446011489351 10.037813453132511 6
      vertex 10.39446011489351 10.037813453132511 0
    endloop
  endfacet
  facet normal 0.5150380749100539 0.8571673007021123 0
    outer loop
      vertex 7.2250000000000005 12.514067084685138 0
      vertex 7.2250000000000005 12.514067084685138 6
      vertex 7.6573333681698115 12.254294989460355 0
    endloop
  endfacet
  facet normal 0.5446390350150241 0.838670567945426 0
    outer loop
      vertex 7.6573333681698115 12.254294989460355 0
      vertex 7.6573333681698115 12.254294989460355 6
      vertex 8.080337455152293 11.979592923420354 0
    endloop
  endfacet
  facet normal 0.6293203910498376 0.7771459614569708 0
    outer loop
      vertex 8.896308318455763 11.386755389617132 0
      vertex 8.896308318455763 11.386755389617132 6
      vertex 9.288280959970493 11.069342203069233 0
    endloop
  endfacet
  facet normal 0.6018150231520486 0.7986355100472927 0
    outer loop
      vertex 8.493496895626237 11.69029556871799 0
      vertex 8.493496895626237 11.69029556871799 6
      vertex 8.896308318455763 11.386755389617132 0
    endloop
  endfacet
  facet normal 0.5735764363510482 0.8191520442889902 0
    outer loop
      vertex 8.080337455152293 11.979592923420354 0
      vertex 8.080337455152293 11.979592923420354 6
      vertex 8.493496895626237 11.69029556871799 0
    endloop
  endfacet
  facet normal 0.6560590289905059 0.7547095802227732 0
    outer loop
      vertex 9.668937261885501 10.738442728148348 0
      vertex 9.288280959970493 11.069342203069233 0
      vertex 9.288280959970493 11.069342203069233 6
    endloop
  endfacet
  facet normal 0.7771459614569708 0.6293203910498376 0
    outer loop
      vertex 11.386755389617132 8.896308318455763 0
      vertex 11.069342203069233 9.288280959970493 0
      vertex 11.386755389617132 8.896308318455763 6
    endloop
  endfacet
  facet normal 0.7986355100472927 0.6018150231520486 0
    outer loop
      vertex 11.69029556871799 8.493496895626237 0
      vertex 11.386755389617132 8.896308318455763 0
      vertex 11.69029556871799 8.493496895626237 6
    endloop
  endfacet
  facet normal 0.838670567945426 0.5446390350150241 0
    outer loop
      vertex 11.979592923420354 8.080337455152293 0
      vertex 12.254294989460355 7.6573333681698115 6
      vertex 12.254294989460355 7.6573333681698115 0
    endloop
  endfacet
  facet normal 0.8571673007021123 0.5150380749100539 0
    outer loop
      vertex 12.254294989460355 7.6573333681698115 0
      vertex 12.514067084685138 7.2250000000000005 6
      vertex 12.514067084685138 7.2250000000000005 0
    endloop
  endfacet
  facet normal 0.8191520442889902 0.5735764363510482 0
    outer loop
      vertex 11.69029556871799 8.493496895626237 0
      vertex 11.979592923420354 8.080337455152293 6
      vertex 11.979592923420354 8.080337455152293 0
    endloop
  endfacet
  facet normal 0.7547095802227732 0.6560590289905059 0
    outer loop
      vertex 10.738442728148348 9.668937261885501 0
      vertex 11.069342203069233 9.288280959970493 6
      vertex 11.069342203069233 9.288280959970493 0
    endloop
  endfacet
  facet normal 0.01745240643728126 0.9998476951563913 0
    outer loop
      vertex 0.5042977273511391 14.441197450425936 0
      vertex 0 14.450000000000001 6
      vertex 0.5042977273511391 14.441197450425936 6
    endloop
  endfacet
  facet normal 0.0523359562429488 0.9986295347545736 0
    outer loop
      vertex 1.0079810456026106 14.41480052625446 0
      vertex 0.5042977273511391 14.441197450425936 6
      vertex 1.0079810456026106 14.41480052625446 6
    endloop
  endfacet
  facet normal 0.08715574274765614 0.9961946980917458 0
    outer loop
      vertex 1.5104362942175928 14.37084138807155 0
      vertex 1.0079810456026106 14.41480052625446 6
      vertex 1.5104362942175928 14.37084138807155 6
    endloop
  endfacet
  facet normal 0.12186934340514614 0.9925461516413222 0
    outer loop
      vertex 2.0110513088729456 14.309373593315692 0
      vertex 1.5104362942175928 14.37084138807155 6
      vertex 2.0110513088729456 14.309373593315692 6
    endloop
  endfacet
  facet normal 0.1564344650402325 0.9876883405951375 0
    outer loop
      vertex 2.5092161672871436 14.230472031026407 0
      vertex 2.0110513088729456 14.309373593315692 6
      vertex 2.5092161672871436 14.230472031026407 6
    endloop
  endfacet
  facet normal 0.1908089953765436 0.9816271834476641 0
    outer loop
      vertex 3.004323932316623 14.134232830603493 0
      vertex 2.5092161672871436 14.230472031026407 6
      vertex 3.004323932316623 14.134232830603493 6
    endloop
  endfacet
  facet normal 0.2249510543438638 0.9743700647852355 0
    outer loop
      vertex 3.495771391415199 14.02077324468815 0
      vertex 3.004323932316623 14.134232830603493 6
      vertex 3.495771391415199 14.02077324468815 6
    endloop
  endfacet
  facet normal 0.25881904510252207 0.9659258262890681 0
    outer loop
      vertex 3.982959791555638 13.890231506308709 0
      vertex 3.495771391415199 14.02077324468815 6
      vertex 3.982959791555638 13.890231506308709 6
    endloop
  endfacet
  facet normal 0.2923717047227382 0.9563047559630351 0
    outer loop
      vertex 4.46529556871799 13.74276666046497 0
      vertex 3.982959791555638 13.890231506308709 6
      vertex 4.46529556871799 13.74276666046497 6
    endloop
  endfacet
  facet normal 0.35836794954530077 0.9335804264972015 0
    outer loop
      vertex 5.413065274859929 13.39780669849008 0
      vertex 4.942191071055913 13.578558370356378 6
      vertex 5.413065274859929 13.39780669849008 6
    endloop
  endfacet
  facet normal 0.3255681544571543 0.9455185755993175 0
    outer loop
      vertex 4.942191071055913 13.578558370356378 0
      vertex 4.46529556871799 13.74276666046497 6
      vertex 4.942191071055913 13.578558370356378 6
    endloop
  endfacet
  facet normal 0.48480962024634 0.8746197071393942 0
    outer loop
      vertex 7.2250000000000005 12.514067084685138 0
      vertex 6.783864082256122 12.758592716811496 6
      vertex 7.2250000000000005 12.514067084685138 6
    endloop
  endfacet
  facet normal 0.39073112848927427 0.9205048534524402 0
    outer loop
      vertex 5.877344492445314 13.200731862935584 0
      vertex 5.413065274859929 13.39780669849008 6
      vertex 5.877344492445314 13.200731862935584 6
    endloop
  endfacet
  facet normal 0.4226182617406981 0.9063077870366505 0
    outer loop
      vertex 6.33446307110217 12.987573969022964 0
      vertex 5.877344492445314 13.200731862935584 6
      vertex 6.33446307110217 12.987573969022964 6
    endloop
  endfacet
  facet normal 0.4539904997395473 0.8910065241883677 0
    outer loop
      vertex 6.783864082256122 12.758592716811496 0
      vertex 6.33446307110217 12.987573969022964 6
      vertex 6.783864082256122 12.758592716811496 6
    endloop
  endfacet
  facet normal 0 0 1
    outer loop
      vertex 0 14.450000000000001 6
      vertex 0 13.4 6
      vertex 0.467653255813513 13.391837082055883 6
    endloop
  endfacet
  facet normal 0 0 1
    outer loop
      vertex 0 14.450000000000001 6
      vertex 0.467653255813513 13.391837082055883 6
      vertex 0.5042977273511391 14.441197450425936 6
    endloop
  endfacet
  facet normal 0 0 1
    outer loop
      vertex 0.5042977273511391 14.441197450425936 6
      vertex 0.467653255813513 13.391837082055883 6
      vertex 0.934736748171279 13.367358273481644 6
    endloop
  endfacet
  facet normal 0 0 1
    outer loop
      vertex 0.5042977273511391 14.441197450425936 6
      vertex 0.934736748171279 13.367358273481644 6
      vertex 1.0079810456026106 14.41480052625446 6
    endloop
  endfacet
  facet normal 0 0 1
    outer loop
      vertex 1.0079810456026106 14.41480052625446 6
      vertex 0.934736748171279 13.367358273481644 6
      vertex 1.4006814077865566 13.326593397934863 6
    endloop
  endfacet
  facet normal 0 0 1
    outer loop
      vertex 1.0079810456026106 14.41480052625446 6
      vertex 1.4006814077865566 13.326593397934863 6
      vertex 1.5104362942175928 14.37084138807155 6
    endloop
  endfacet
  facet normal 0 0 1
    outer loop
      vertex 1.5104362942175928 14.37084138807155 6
      vertex 1.4006814077865566 13.326593397934863 6
      vertex 1.864919552864877 13.269592121137043 6
    endloop
  endfacet
  facet normal 0 0 1
    outer loop
      vertex 1.5104362942175928 14.37084138807155 6
      vertex 1.864919552864877 13.269592121137043 6
      vertex 2.0110513088729456 14.309373593315692 6
    endloop
  endfacet
  facet normal 0 0 1
    outer loop
      vertex 2.5092161672871436 14.230472031026407 6
      vertex 2.3268855807368665 13.196423890363588 6
      vertex 2.786016656957975 13.107177849832997 6
    endloop
  endfacet
  facet normal 0 0 1
    outer loop
      vertex 2.0110513088729456 14.309373593315692 6
      vertex 1.864919552864877 13.269592121137043 6
      vertex 2.3268855807368665 13.196423890363588 6
    endloop
  endfacet
  facet normal 0 0 1
    outer loop
      vertex 2.0110513088729456 14.309373593315692 6
      vertex 2.3268855807368665 13.196423890363588 6
      vertex 2.5092161672871436 14.230472031026407 6
    endloop
  endfacet
  facet normal 0 0 1
    outer loop
      vertex 3.004323932316623 14.134232830603493 6
      vertex 2.786016656957975 13.107177849832997 6
      vertex 3.2417534010355475 13.001962732098352 6
    endloop
  endfacet
  facet normal 0 0 1
    outer loop
      vertex 3.495771391415199 14.02077324468815 6
      vertex 3.2417534010355475 13.001962732098352 6
      vertex 3.693540567947789 12.880906725573473 6
    endloop
  endfacet
  facet normal 0 0 1
    outer loop
      vertex 2.5092161672871436 14.230472031026407 6
      vertex 2.786016656957975 13.107177849832997 6
      vertex 3.004323932316623 14.134232830603493 6
    endloop
  endfacet
  facet normal 0 0 1
    outer loop
      vertex 3.004323932316623 14.134232830603493 6
      vertex 3.2417534010355475 13.001962732098352 6
      vertex 3.495771391415199 14.02077324468815 6
    endloop
  endfacet
  facet normal 0 0 1
    outer loop
      vertex 3.982959791555638 13.890231506308709 6
      vertex 3.693540567947789 12.880906725573473 6
      vertex 4.1408277246242955 12.744157318355057 6
    endloop
  endfacet
  facet normal 0 0 1
    outer loop
      vertex 4.46529556871799 13.74276666046497 6
      vertex 4.1408277246242955 12.744157318355057 6
      vertex 4.583069920563961 12.591881118531173 6
    endloop
  endfacet
  facet normal 0 0 1
    outer loop
      vertex 3.982959791555638 13.890231506308709 6
      vertex 4.1408277246242955 12.744157318355057 6
      vertex 4.46529556871799 13.74276666046497 6
    endloop
  endfacet
  facet normal 0 0 1
    outer loop
      vertex 3.495771391415199 14.02077324468815 6
      vertex 3.693540567947789 12.880906725573473 6
      vertex 3.982959791555638 13.890231506308709 6
    endloop
  endfacet
  facet normal 0 0 1
    outer loop
      vertex 4.942191071055913 13.578558370356378 6
      vertex 4.583069920563961 12.591881118531173 6
      vertex 5.019728351773221 12.424263651194952 6
    endloop
  endfacet
  facet normal 0 0 1
    outer loop
      vertex 4.46529556871799 13.74276666046497 6
      vertex 4.583069920563961 12.591881118531173 6
      vertex 4.942191071055913 13.578558370356378 6
    endloop
  endfacet
  facet normal 0 0 1
    outer loop
      vertex 5.413065274859929 13.39780669849008 6
      vertex 5.019728351773221 12.424263651194952 6
      vertex 5.450271017215723 12.241509132410853 6
    endloop
  endfacet
  facet normal 0 0 1
    outer loop
      vertex 5.413065274859929 13.39780669849008 6
      vertex 4.942191071055913 13.578558370356378 6
      vertex 5.019728351773221 12.424263651194952 6
    endloop
  endfacet
  facet normal 0 0 1
    outer loop
      vertex 5.877344492445314 13.200731862935584 6
      vertex 5.450271017215723 12.241509132410853 6
      vertex 5.874173366973638 12.043840220408839 6
    endloop
  endfacet
  facet normal 0 0 1
    outer loop
      vertex 5.877344492445314 13.200731862935584 6
      vertex 5.874173366973638 12.043840220408839 6
      vertex 6.290918941330937 11.831497744309623 6
    endloop
  endfacet
  facet normal 0 0 1
    outer loop
      vertex 6.33446307110217 12.987573969022964 6
      vertex 6.290918941330937 11.831497744309623 6
      vertex 6.7 11.604740410711477 6
    endloop
  endfacet
  facet normal 0 0 1
    outer loop
      vertex 6.33446307110217 12.987573969022964 6
      vertex 6.7 11.604740410711477 6
      vertex 6.783864082256122 12.758592716811496 6
    endloop
  endfacet
  facet normal 0 0 1
    outer loop
      vertex 6.783864082256122 12.758592716811496 6
      vertex 6.7 11.604740410711477 6
      vertex 7.1009181407249455 11.363844488496108 6
    endloop
  endfacet
  facet normal 0 0 1
    outer loop
      vertex 6.783864082256122 12.758592716811496 6
      vertex 7.1009181407249455 11.363844488496108 6
      vertex 7.2250000000000005 12.514067084685138 6
    endloop
  endfacet
  facet normal 0 0 1
    outer loop
      vertex 5.413065274859929 13.39780669849008 6
      vertex 5.450271017215723 12.241509132410853 6
      vertex 5.877344492445314 13.200731862935584 6
    endloop
  endfacet
  facet normal 0 0 1
    outer loop
      vertex 5.877344492445314 13.200731862935584 6
      vertex 6.290918941330937 11.831497744309623 6
      vertex 6.33446307110217 12.987573969022964 6
    endloop
  endfacet
  facet normal 0.9998476951563913 0.01745240643728126 0
    outer loop
      vertex 14.441197450425936 0.5042977273511391 0
      vertex 14.441197450425936 0.5042977273511391 6
      vertex 14.450000000000001 0 6
    endloop
  endfacet
  facet normal 0.9986295347545736 0.0523359562429488 0
    outer loop
      vertex 14.41480052625446 1.0079810456026106 0
      vertex 14.41480052625446 1.0079810456026106 6
      vertex 14.441197450425936 0.5042977273511391 6
    endloop
  endfacet
  facet normal 0.9961946980917458 0.08715574274765614 0
    outer loop
      vertex 14.37084138807155 1.5104362942175928 0
      vertex 14.37084138807155 1.5104362942175928 6
      vertex 14.41480052625446 1.0079810456026106 6
    endloop
  endfacet
  facet normal 0.9925461516413222 0.12186934340514614 0
    outer loop
      vertex 14.309373593315692 2.0110513088729456 0
      vertex 14.309373593315692 2.0110513088729456 6
      vertex 14.37084138807155 1.5104362942175928 6
    endloop
  endfacet
  facet normal 0.9876883405951375 0.1564344650402325 0
    outer loop
      vertex 14.230472031026407 2.5092161672871436 0
      vertex 14.230472031026407 2.5092161672871436 6
      vertex 14.309373593315692 2.0110513088729456 6
    endloop
  endfacet
  facet normal 0.9816271834476641 0.1908089953765436 0
    outer loop
      vertex 14.134232830603493 3.004323932316623 0
      vertex 14.134232830603493 3.004323932316623 6
      vertex 14.230472031026407 2.5092161672871436 6
    endloop
  endfacet
  facet normal 0.9743700647852355 0.2249510543438638 0
    outer loop
      vertex 14.02077324468815 3.495771391415199 0
      vertex 14.02077324468815 3.495771391415199 6
      vertex 14.134232830603493 3.004323932316623 6
    endloop
  endfacet
  facet normal 0.8746197071393942 0.48480962024634 0
    outer loop
      vertex 12.514067084685138 7.2250000000000005 0
      vertex 12.514067084685138 7.2250000000000005 6
      vertex 12.758592716811496 6.783864082256122 6
    endloop
  endfacet
  facet normal 0.9335804264972015 0.35836794954530077 0
    outer loop
      vertex 13.39780669849008 5.413065274859929 0
      vertex 13.39780669849008 5.413065274859929 6
      vertex 13.578558370356378 4.942191071055913 6
    endloop
  endfacet
  facet normal 0.9659258262890681 0.25881904510252207 0
    outer loop
      vertex 13.890231506308709 3.982959791555638 0
      vertex 13.890231506308709 3.982959791555638 6
      vertex 14.02077324468815 3.495771391415199 6
    endloop
  endfacet
  facet normal 0.9563047559630351 0.2923717047227382 0
    outer loop
      vertex 13.74276666046497 4.46529556871799 0
      vertex 13.74276666046497 4.46529556871799 6
      vertex 13.890231506308709 3.982959791555638 6
    endloop
  endfacet
  facet normal 0.9455185755993175 0.3255681544571543 0
    outer loop
      vertex 13.578558370356378 4.942191071055913 0
      vertex 13.578558370356378 4.942191071055913 6
      vertex 13.74276666046497 4.46529556871799 6
    endloop
  endfacet
  facet normal 0.9063077870366505 0.4226182617406981 0
    outer loop
      vertex 12.987573969022964 6.33446307110217 0
      vertex 12.987573969022964 6.33446307110217 6
      vertex 13.200731862935584 5.877344492445314 6
    endloop
  endfacet
  facet normal 0.9205048534524402 0.39073112848927427 0
    outer loop
      vertex 13.200731862935584 5.877344492445314 0
      vertex 13.200731862935584 5.877344492445314 6
      vertex 13.39780669849008 5.413065274859929 6
    endloop
  endfacet
  facet normal 0.8910065241883677 0.4539904997395473 0
    outer loop
      vertex 12.758592716811496 6.783864082256122 0
      vertex 12.758592716811496 6.783864082256122 6
      vertex 12.987573969022964 6.33446307110217 6
    endloop
  endfacet
  facet normal 0 0 1
    outer loop
      vertex 13.578558370356378 -4.942191071055913 6
      vertex 13.39780669849008 5.413065274859929 6
      vertex 13.4 0 6
    endloop
  endfacet
  facet normal 0 0 1
    outer loop
      vertex 13.578558370356378 -4.942191071055913 6
      vertex 13.578558370356378 4.942191071055913 6
      vertex 13.39780669849008 5.413065274859929 6
    endloop
  endfacet
  facet normal 0 0 1
    outer loop
      vertex 14.441197450425936 -0.5042977273511391 6
      vertex 14.450000000000001 0 6
      vertex 14.441197450425936 0.5042977273511391 6
    endloop
  endfacet
  facet normal 0 0 1
    outer loop
      vertex 14.441197450425936 -0.5042977273511391 6
      vertex 14.441197450425936 0.5042977273511391 6
      vertex 14.41480052625446 1.0079810456026106 6
    endloop
  endfacet
  facet normal 0 0 1
    outer loop
      vertex 14.41480052625446 -1.0079810456026106 6
      vertex 14.41480052625446 1.0079810456026106 6
      vertex 14.37084138807155 1.5104362942175928 6
    endloop
  endfacet
  facet normal 0 0 1
    outer loop
      vertex 14.37084138807155 -1.5104362942175928 6
      vertex 14.37084138807155 1.5104362942175928 6
      vertex 14.309373593315692 2.0110513088729456 6
    endloop
  endfacet
  facet normal 0 0 1
    outer loop
      vertex 14.309373593315692 -2.0110513088729456 6
      vertex 14.309373593315692 2.0110513088729456 6
      vertex 14.230472031026407 2.5092161672871436 6
    endloop
  endfacet
  facet normal 0 0 1
    outer loop
      vertex 14.02077324468815 -3.495771391415199 6
      vertex 14.02077324468815 3.495771391415199 6
      vertex 13.890231506308709 3.982959791555638 6
    endloop
  endfacet
  facet normal 0 0 1
    outer loop
      vertex 13.74276666046497 -4.46529556871799 6
      vertex 13.74276666046497 4.46529556871799 6
      vertex 13.578558370356378 4.942191071055913 6
    endloop
  endfacet
  facet normal 0 0 1
    outer loop
      vertex 13.890231506308709 -3.982959791555638 6
      vertex 13.890231506308709 3.982959791555638 6
      vertex 13.74276666046497 4.46529556871799 6
    endloop
  endfacet
  facet normal 0 0 1
    outer loop
      vertex 14.230472031026407 -2.5092161672871436 6
      vertex 14.230472031026407 2.5092161672871436 6
      vertex 14.134232830603493 3.004323932316623 6
    endloop
  endfacet
  facet normal 0 0 1
    outer loop
      vertex 14.134232830603493 -3.004323932316623 6
      vertex 14.134232830603493 3.004323932316623 6
      vertex 14.02077324468815 3.495771391415199 6
    endloop
  endfacet
  facet normal 0 0 1
    outer loop
      vertex 13.39780669849008 5.413065274859929 6
      vertex 13.391837082055883 0.467653255813513 6
      vertex 13.4 0 6
    endloop
  endfacet
  facet normal 0 0 1
    outer loop
      vertex 13.39780669849008 5.413065274859929 6
      vertex 13.367358273481644 0.934736748171279 6
      vertex 13.391837082055883 0.467653255813513 6
    endloop
  endfacet
  facet normal 0 0 1
    outer loop
      vertex 13.39780669849008 5.413065274859929 6
      vertex 13.326593397934863 1.4006814077865566 6
      vertex 13.367358273481644 0.934736748171279 6
    endloop
  endfacet
  facet normal 0 0 1
    outer loop
      vertex 13.200731862935584 5.877344492445314 6
      vertex 13.269592121137043 1.864919552864877 6
      vertex 13.326593397934863 1.4006814077865566 6
    endloop
  endfacet
  facet normal 0 0 1
    outer loop
      vertex 13.200731862935584 5.877344492445314 6
      vertex 13.196423890363588 2.3268855807368665 6
      vertex 13.269592121137043 1.864919552864877 6
    endloop
  endfacet
  facet normal 0 0 1
    outer loop
      vertex 11.69029556871799 8.493496895626237 6
      vertex 11.604740410711477 6.7 6
      vertex 11.831497744309623 6.290918941330937 6
    endloop
  endfacet
  facet normal 0 0 1
    outer loop
      vertex 12.514067084685138 7.2250000000000005 6
      vertex 12.424263651194952 5.019728351773221 6
      vertex 12.591881118531173 4.583069920563961 6
    endloop
  endfacet
  facet normal 0 0 1
    outer loop
      vertex 12.254294989460355 7.6573333681698115 6
      vertex 12.241509132410853 5.450271017215723 6
      vertex 12.424263651194952 5.019728351773221 6
    endloop
  endfacet
  facet normal 0 0 1
    outer loop
      vertex 12.758592716811496 6.783864082256122 6
      vertex 12.514067084685138 7.2250000000000005 6
      vertex 12.591881118531173 4.583069920563961 6
    endloop
  endfacet
  facet normal 0 0 1
    outer loop
      vertex 11.979592923420354 8.080337455152293 6
      vertex 11.831497744309623 6.290918941330937 6
      vertex 12.043840220408839 5.874173366973638 6
    endloop
  endfacet
  facet normal 0 0 1
    outer loop
      vertex 12.254294989460355 7.6573333681698115 6
      vertex 12.043840220408839 5.874173366973638 6
      vertex 12.241509132410853 5.450271017215723 6
    endloop
  endfacet
  facet normal 0 0 1
    outer loop
      vertex 11.979592923420354 8.080337455152293 6
      vertex 12.043840220408839 5.874173366973638 6
      vertex 12.254294989460355 7.6573333681698115 6
    endloop
  endfacet
  facet normal 0 0 1
    outer loop
      vertex 12.254294989460355 7.6573333681698115 6
      vertex 12.424263651194952 5.019728351773221 6
      vertex 12.514067084685138 7.2250000000000005 6
    endloop
  endfacet
  facet normal 0 0 1
    outer loop
      vertex 12.987573969022964 6.33446307110217 6
      vertex 13.001962732098352 3.2417534010355475 6
      vertex 13.107177849832997 2.786016656957975 6
    endloop
  endfacet
  facet normal 0 0 1
    outer loop
      vertex 12.987573969022964 6.33446307110217 6
      vertex 12.880906725573473 3.693540567947789 6
      vertex 13.001962732098352 3.2417534010355475 6
    endloop
  endfacet
  facet normal 0 0 1
    outer loop
      vertex 13.200731862935584 5.877344492445314 6
      vertex 13.107177849832997 2.786016656957975 6
      vertex 13.196423890363588 2.3268855807368665 6
    endloop
  endfacet
  facet normal 0 0 1
    outer loop
      vertex 13.39780669849008 5.413065274859929 6
      vertex 13.200731862935584 5.877344492445314 6
      vertex 13.326593397934863 1.4006814077865566 6
    endloop
  endfacet
  facet normal 0 0 1
    outer loop
      vertex 12.758592716811496 6.783864082256122 6
      vertex 12.744157318355057 4.1408277246242955 6
      vertex 12.880906725573473 3.693540567947789 6
    endloop
  endfacet
  facet normal 0 0 1
    outer loop
      vertex 12.758592716811496 6.783864082256122 6
      vertex 12.591881118531173 4.583069920563961 6
      vertex 12.744157318355057 4.1408277246242955 6
    endloop
  endfacet
  facet normal 0 0 1
    outer loop
      vertex 13.200731862935584 5.877344492445314 6
      vertex 12.987573969022964 6.33446307110217 6
      vertex 13.107177849832997 2.786016656957975 6
    endloop
  endfacet
  facet normal 0 0 1
    outer loop
      vertex 12.987573969022964 6.33446307110217 6
      vertex 12.758592716811496 6.783864082256122 6
      vertex 12.880906725573473 3.693540567947789 6
    endloop
  endfacet
  facet normal 0.6819983600624984 0.7313537016191706 0
    outer loop
      vertex 10.037813453132511 10.39446011489351 0
      vertex 9.668937261885501 10.738442728148348 6
      vertex 10.037813453132511 10.39446011489351 6
    endloop
  endfacet
  facet normal 0.7313537016191706 0.6819983600624984 0
    outer loop
      vertex 10.39446011489351 10.037813453132511 0
      vertex 10.39446011489351 10.037813453132511 6
      vertex 10.738442728148348 9.668937261885501 6
    endloop
  endfacet
  facet normal 0.7071067811865476 0.7071067811865476 0
    outer loop
      vertex 10.037813453132511 10.39446011489351 0
      vertex 10.037813453132511 10.39446011489351 6
      vertex 10.39446011489351 10.037813453132511 6
    endloop
  endfacet
  facet normal 0.5150380749100539 0.8571673007021123 0
    outer loop
      vertex 7.6573333681698115 12.254294989460355 0
      vertex 7.2250000000000005 12.514067084685138 6
      vertex 7.6573333681698115 12.254294989460355 6
    endloop
  endfacet
  facet normal 0.5446390350150241 0.838670567945426 0
    outer loop
      vertex 8.080337455152293 11.979592923420354 0
      vertex 7.6573333681698115 12.254294989460355 6
      vertex 8.080337455152293 11.979592923420354 6
    endloop
  endfacet
  facet normal 0.6018150231520486 0.7986355100472927 0
    outer loop
      vertex 8.896308318455763 11.386755389617132 0
      vertex 8.493496895626237 11.69029556871799 6
      vertex 8.896308318455763 11.386755389617132 6
    endloop
  endfacet
  facet normal 0.5735764363510482 0.8191520442889902 0
    outer loop
      vertex 8.493496895626237 11.69029556871799 0
      vertex 8.080337455152293 11.979592923420354 6
      vertex 8.493496895626237 11.69029556871799 6
    endloop
  endfacet
  facet normal 0.6293203910498376 0.7771459614569708 0
    outer loop
      vertex 9.288280959970493 11.069342203069233 0
      vertex 8.896308318455763 11.386755389617132 6
      vertex 9.288280959970493 11.069342203069233 6
    endloop
  endfacet
  facet normal 0.6560590289905059 0.7547095802227732 0
    outer loop
      vertex 9.668937261885501 10.738442728148348 0
      vertex 9.288280959970493 11.069342203069233 6
      vertex 9.668937261885501 10.738442728148348 6
    endloop
  endfacet
  facet normal 0.7986355100472927 0.6018150231520486 0
    outer loop
      vertex 11.386755389617132 8.896308318455763 0
      vertex 11.386755389617132 8.896308318455763 6
      vertex 11.69029556871799 8.493496895626237 6
    endloop
  endfacet
  facet normal 0.838670567945426 0.5446390350150241 0
    outer loop
      vertex 11.979592923420354 8.080337455152293 0
      vertex 11.979592923420354 8.080337455152293 6
      vertex 12.254294989460355 7.6573333681698115 6
    endloop
  endfacet
  facet normal 0.8571673007021123 0.5150380749100539 0
    outer loop
      vertex 12.254294989460355 7.6573333681698115 0
      vertex 12.254294989460355 7.6573333681698115 6
      vertex 12.514067084685138 7.2250000000000005 6
    endloop
  endfacet
  facet normal 0.8191520442889902 0.5735764363510482 0
    outer loop
      vertex 11.69029556871799 8.493496895626237 0
      vertex 11.69029556871799 8.493496895626237 6
      vertex 11.979592923420354 8.080337455152293 6
    endloop
  endfacet
  facet normal 0.7771459614569708 0.6293203910498376 0
    outer loop
      vertex 11.069342203069233 9.288280959970493 0
      vertex 11.069342203069233 9.288280959970493 6
      vertex 11.386755389617132 8.896308318455763 6
    endloop
  endfacet
  facet normal 0.7547095802227732 0.6560590289905059 0
    outer loop
      vertex 10.738442728148348 9.668937261885501 0
      vertex 10.738442728148348 9.668937261885501 6
      vertex 11.069342203069233 9.288280959970493 6
    endloop
  endfacet
  facet normal 0 0 1
    outer loop
      vertex 8.896308318455763 11.386755389617132 6
      vertex 8.613353969799626 10.264995537794306 6
      vertex 8.9663501252087 9.958140661397083 6
    endloop
  endfacet
  facet normal 0 0 1
    outer loop
      vertex 10.39446011489351 10.037813453132511 6
      vertex 10.264995537794306 8.613353969799626 6
      vertex 10.559344098330074 8.249863769363822 6
    endloop
  endfacet
  facet normal 0 0 1
    outer loop
      vertex 10.738442728148348 9.668937261885501 6
      vertex 10.559344098330074 8.249863769363822 6
      vertex 10.840827724624296 7.87632238071914 6
    endloop
  endfacet
  facet normal 0 0 1
    outer loop
      vertex 9.668937261885501 10.738442728148348 6
      vertex 9.639153324537926 9.308422164150564 6
      vertex 9.958140661397083 8.9663501252087 6
    endloop
  endfacet
  facet normal 0 0 1
    outer loop
      vertex 9.288280959970493 11.069342203069233 6
      vertex 8.9663501252087 9.958140661397083 6
      vertex 9.308422164150564 9.639153324537926 6
    endloop
  endfacet
  facet normal 0 0 1
    outer loop
      vertex 9.288280959970493 11.069342203069233 6
      vertex 9.308422164150564 9.639153324537926 6
      vertex 9.639153324537926 9.308422164150564 6
    endloop
  endfacet
  facet normal 0 0 1
    outer loop
      vertex 8.896308318455763 11.386755389617132 6
      vertex 8.9663501252087 9.958140661397083 6
      vertex 9.288280959970493 11.069342203069233 6
    endloop
  endfacet
  facet normal 0 0 1
    outer loop
      vertex 9.668937261885501 10.738442728148348 6
      vertex 9.288280959970493 11.069342203069233 6
      vertex 9.639153324537926 9.308422164150564 6
    endloop
  endfacet
  facet normal 0 0 1
    outer loop
      vertex 9.668937261885501 10.738442728148348 6
      vertex 9.958140661397083 8.9663501252087 6
      vertex 10.037813453132511 10.39446011489351 6
    endloop
  endfacet
  facet normal 0 0 1
    outer loop
      vertex 10.037813453132511 10.39446011489351 6
      vertex 9.958140661397083 8.9663501252087 6
      vertex 10.264995537794306 8.613353969799626 6
    endloop
  endfacet
  facet normal 0 0 1
    outer loop
      vertex 10.037813453132511 10.39446011489351 6
      vertex 10.264995537794306 8.613353969799626 6
      vertex 10.39446011489351 10.037813453132511 6
    endloop
  endfacet
  facet normal 0 0 1
    outer loop
      vertex 10.738442728148348 9.668937261885501 6
      vertex 10.39446011489351 10.037813453132511 6
      vertex 10.559344098330074 8.249863769363822 6
    endloop
  endfacet
  facet normal 0 0 1
    outer loop
      vertex 7.2250000000000005 12.514067084685138 6
      vertex 7.1009181407249455 11.363844488496108 6
      vertex 7.4931849065080085 11.10910347223756 6
    endloop
  endfacet
  facet normal 0 0 1
    outer loop
      vertex 7.6573333681698115 12.254294989460355 6
      vertex 7.4931849065080085 11.10910347223756 6
      vertex 7.87632238071914 10.840827724624296 6
    endloop
  endfacet
  facet normal 0 0 1
    outer loop
      vertex 8.080337455152293 11.979592923420354 6
      vertex 7.87632238071914 10.840827724624296 6
      vertex 8.249863769363822 10.559344098330074 6
    endloop
  endfacet
  facet normal 0 0 1
    outer loop
      vertex 7.6573333681698115 12.254294989460355 6
      vertex 7.87632238071914 10.840827724624296 6
      vertex 8.080337455152293 11.979592923420354 6
    endloop
  endfacet
  facet normal 0 0 1
    outer loop
      vertex 7.2250000000000005 12.514067084685138 6
      vertex 7.4931849065080085 11.10910347223756 6
      vertex 7.6573333681698115 12.254294989460355 6
    endloop
  endfacet
  facet normal 0 0 1
    outer loop
      vertex 8.493496895626237 11.69029556871799 6
      vertex 8.249863769363822 10.559344098330074 6
      vertex 8.613353969799626 10.264995537794306 6
    endloop
  endfacet
  facet normal 0 0 1
    outer loop
      vertex 8.080337455152293 11.979592923420354 6
      vertex 8.249863769363822 10.559344098330074 6
      vertex 8.493496895626237 11.69029556871799 6
    endloop
  endfacet
  facet normal 0 0 1
    outer loop
      vertex 8.493496895626237 11.69029556871799 6
      vertex 8.613353969799626 10.264995537794306 6
      vertex 8.896308318455763 11.386755389617132 6
    endloop
  endfacet
  facet normal 0 0 1
    outer loop
      vertex 11.386755389617132 8.896308318455763 6
      vertex 11.10910347223756 7.4931849065080085 6
      vertex 11.363844488496108 7.1009181407249455 6
    endloop
  endfacet
  facet normal 0 0 1
    outer loop
      vertex 11.386755389617132 8.896308318455763 6
      vertex 11.363844488496108 7.1009181407249455 6
      vertex 11.604740410711477 6.7 6
    endloop
  endfacet
  facet normal 0 0 1
    outer loop
      vertex 11.69029556871799 8.493496895626237 6
      vertex 11.386755389617132 8.896308318455763 6
      vertex 11.604740410711477 6.7 6
    endloop
  endfacet
  facet normal 0 0 1
    outer loop
      vertex 11.069342203069233 9.288280959970493 6
      vertex 10.840827724624296 7.87632238071914 6
      vertex 11.10910347223756 7.4931849065080085 6
    endloop
  endfacet
  facet normal 0 0 1
    outer loop
      vertex 11.386755389617132 8.896308318455763 6
      vertex 11.069342203069233 9.288280959970493 6
      vertex 11.10910347223756 7.4931849065080085 6
    endloop
  endfacet
  facet normal 0 0 1
    outer loop
      vertex 10.738442728148348 9.668937261885501 6
      vertex 10.840827724624296 7.87632238071914 6
      vertex 11.069342203069233 9.288280959970493 6
    endloop
  endfacet
  facet normal 0 0 1
    outer loop
      vertex 11.69029556871799 8.493496895626237 6
      vertex 11.831497744309623 6.290918941330937 6
      vertex 11.979592923420354 8.080337455152293 6
    endloop
  endfacet
  facet normal 0.8386705679454269 0.5446390350150225 0
    outer loop
      vertex -11.10910347223756 -7.4931849065080085 0
      vertex -11.363844488496108 -7.1009181407249455 0
      vertex -11.363844488496108 -7.1009181407249455 6
    endloop
  endfacet
  facet normal 0.8191520442889895 0.5735764363510493 0
    outer loop
      vertex -10.840827724624296 -7.87632238071914 0
      vertex -11.10910347223756 -7.4931849065080085 0
      vertex -11.10910347223756 -7.4931849065080085 6
    endloop
  endfacet
  facet normal 0.5735764363510493 0.8191520442889895 0
    outer loop
      vertex -7.87632238071914 -10.840827724624296 0
      vertex -7.87632238071914 -10.840827724624296 6
      vertex -7.4931849065080085 -11.10910347223756 0
    endloop
  endfacet
  facet normal 0.5446390350150225 0.8386705679454269 0
    outer loop
      vertex -7.4931849065080085 -11.10910347223756 0
      vertex -7.4931849065080085 -11.10910347223756 6
      vertex -7.1009181407249455 -11.363844488496108 0
    endloop
  endfacet
  facet normal 0.73135370161917 0.6819983600624989 0
    outer loop
      vertex -9.639153324537926 -9.308422164150564 0
      vertex -9.958140661397083 -8.9663501252087 0
      vertex -9.958140661397083 -8.9663501252087 6
    endloop
  endfacet
  facet normal 0.7071067811865475 0.7071067811865475 0
    outer loop
      vertex -9.308422164150564 -9.639153324537926 0
      vertex -9.639153324537926 -9.308422164150564 0
      vertex -9.639153324537926 -9.308422164150564 6
    endloop
  endfacet
  facet normal 0.6819983600624989 0.73135370161917 0
    outer loop
      vertex -9.308422164150564 -9.639153324537926 0
      vertex -9.308422164150564 -9.639153324537926 6
      vertex -8.9663501252087 -9.958140661397083 0
    endloop
  endfacet
  facet normal 0.777145961456969 0.6293203910498396 0
    outer loop
      vertex -10.264995537794306 -8.613353969799626 0
      vertex -10.559344098330074 -8.249863769363822 0
      vertex -10.559344098330074 -8.249863769363822 6
    endloop
  endfacet
  facet normal 0.7547095802227739 0.6560590289905049 0
    outer loop
      vertex -9.958140661397083 -8.9663501252087 0
      vertex -10.264995537794306 -8.613353969799626 0
      vertex -10.264995537794306 -8.613353969799626 6
    endloop
  endfacet
  facet normal 0.7986355100472935 0.6018150231520475 0
    outer loop
      vertex -10.559344098330074 -8.249863769363822 0
      vertex -10.840827724624296 -7.87632238071914 0
      vertex -10.840827724624296 -7.87632238071914 6
    endloop
  endfacet
  facet normal 0.6560590289905049 0.7547095802227739 0
    outer loop
      vertex -8.9663501252087 -9.958140661397083 0
      vertex -8.9663501252087 -9.958140661397083 6
      vertex -8.613353969799626 -10.264995537794306 0
    endloop
  endfacet
  facet normal 0.6293203910498396 0.777145961456969 0
    outer loop
      vertex -8.613353969799626 -10.264995537794306 0
      vertex -8.613353969799626 -10.264995537794306 6
      vertex -8.249863769363822 -10.559344098330074 0
    endloop
  endfacet
  facet normal 0.6018150231520475 0.7986355100472935 0
    outer loop
      vertex -8.249863769363822 -10.559344098330074 0
      vertex -8.249863769363822 -10.559344098330074 6
      vertex -7.87632238071914 -10.840827724624296 0
    endloop
  endfacet
  facet normal 0.9455185755993176 0.32556815445715404 0
    outer loop
      vertex -12.591881118531173 -4.583069920563961 0
      vertex -12.744157318355057 -4.1408277246242955 0
      vertex -12.744157318355057 -4.1408277246242955 6
    endloop
  endfacet
  facet normal 0.9563047559630352 0.29237170472273766 0
    outer loop
      vertex -12.744157318355057 -4.1408277246242955 0
      vertex -12.880906725573473 -3.693540567947789 0
      vertex -12.880906725573473 -3.693540567947789 6
    endloop
  endfacet
  facet normal 0.8746197071393933 0.48480962024634167 0
    outer loop
      vertex -11.604740410711477 -6.7 0
      vertex -11.831497744309623 -6.290918941330937 0
      vertex -11.831497744309623 -6.290918941330937 6
    endloop
  endfacet
  facet normal 0.891006524188368 0.45399049973954636 0
    outer loop
      vertex -11.831497744309623 -6.290918941330937 0
      vertex -12.043840220408839 -5.874173366973638 0
      vertex -12.043840220408839 -5.874173366973638 6
    endloop
  endfacet
  facet normal 0.9063077870366506 0.42261826174069783 0
    outer loop
      vertex -12.043840220408839 -5.874173366973638 0
      vertex -12.241509132410853 -5.450271017215723 0
      vertex -12.241509132410853 -5.450271017215723 6
    endloop
  endfacet
  facet normal 0.8571673007021124 0.5150380749100538 0
    outer loop
      vertex -11.363844488496108 -7.1009181407249455 0
      vertex -11.604740410711477 -6.7 0
      vertex -11.604740410711477 -6.7 6
    endloop
  endfacet
  facet normal 0.9205048534524404 0.39073112848927366 0
    outer loop
      vertex -12.241509132410853 -5.450271017215723 0
      vertex -12.424263651194952 -5.019728351773221 0
      vertex -12.424263651194952 -5.019728351773221 6
    endloop
  endfacet
  facet normal 0.9335804264972016 0.3583679495453006 0
    outer loop
      vertex -12.424263651194952 -5.019728351773221 0
      vertex -12.591881118531173 -4.583069920563961 0
      vertex -12.591881118531173 -4.583069920563961 6
    endloop
  endfacet
  facet normal 0.9659258262890684 0.25881904510252013 0
    outer loop
      vertex -12.880906725573473 -3.693540567947789 0
      vertex -13.001962732098352 -3.2417534010355475 0
      vertex -13.001962732098352 -3.2417534010355475 6
    endloop
  endfacet
  facet normal 0.9743700647852344 0.22495105434386847 0
    outer loop
      vertex -13.001962732098352 -3.2417534010355475 0
      vertex -13.107177849832997 -2.786016656957975 0
      vertex -13.107177849832997 -2.786016656957975 6
    endloop
  endfacet
  facet normal 0.9816271834476644 0.19080899537654275 0
    outer loop
      vertex -13.107177849832997 -2.786016656957975 0
      vertex -13.196423890363588 -2.3268855807368665 0
      vertex -13.196423890363588 -2.3268855807368665 6
    endloop
  endfacet
  facet normal 0.9876883405951375 0.15643446504023145 0
    outer loop
      vertex -13.196423890363588 -2.3268855807368665 0
      vertex -13.269592121137043 -1.864919552864877 0
      vertex -13.269592121137043 -1.864919552864877 6
    endloop
  endfacet
  facet normal 0.9925461516413222 0.12186934340514614 0
    outer loop
      vertex -13.269592121137043 -1.864919552864877 0
      vertex -13.326593397934863 -1.4006814077865566 0
      vertex -13.326593397934863 -1.4006814077865566 6
    endloop
  endfacet
  facet normal 0.9961946980917458 0.08715574274765582 0
    outer loop
      vertex -13.326593397934863 -1.4006814077865566 0
      vertex -13.367358273481644 -0.934736748171279 0
      vertex -13.367358273481644 -0.934736748171279 6
    endloop
  endfacet
  facet normal 0.9986295347545738 0.052335956242946034 0
    outer loop
      vertex -13.391837082055883 -0.467653255813513 6
      vertex -13.367358273481644 -0.934736748171279 0
      vertex -13.391837082055883 -0.467653255813513 0
    endloop
  endfacet
  facet normal 0.9998476951563913 0.017452406437284348 0
    outer loop
      vertex -13.391837082055883 -0.467653255813513 0
      vertex -13.4 0 0
      vertex -13.4 0 6
    endloop
  endfacet
  facet normal 0.5150380749100538 0.8571673007021124 0
    outer loop
      vertex -7.1009181407249455 -11.363844488496108 0
      vertex -7.1009181407249455 -11.363844488496108 6
      vertex -6.7 -11.604740410711477 0
    endloop
  endfacet
  facet normal 0.48480962024634167 0.8746197071393933 0
    outer loop
      vertex -6.7 -11.604740410711477 0
      vertex -6.7 -11.604740410711477 6
      vertex -6.290918941330937 -11.831497744309623 0
    endloop
  endfacet
  facet normal 0.45399049973954636 0.891006524188368 0
    outer loop
      vertex -6.290918941330937 -11.831497744309623 0
      vertex -6.290918941330937 -11.831497744309623 6
      vertex -5.874173366973638 -12.043840220408839 0
    endloop
  endfacet
  facet normal 0.42261826174069783 0.9063077870366506 0
    outer loop
      vertex -5.874173366973638 -12.043840220408839 6
      vertex -5.450271017215723 -12.241509132410853 0
      vertex -5.874173366973638 -12.043840220408839 0
    endloop
  endfacet
  facet normal 0.29237170472273766 0.9563047559630352 0
    outer loop
      vertex -4.1408277246242955 -12.744157318355057 0
      vertex -4.1408277246242955 -12.744157318355057 6
      vertex -3.693540567947789 -12.880906725573473 0
    endloop
  endfacet
  facet normal 0.39073112848927366 0.9205048534524404 0
    outer loop
      vertex -5.450271017215723 -12.241509132410853 0
      vertex -5.450271017215723 -12.241509132410853 6
      vertex -5.019728351773221 -12.424263651194952 0
    endloop
  endfacet
  facet normal 0.3583679495453006 0.9335804264972016 0
    outer loop
      vertex -5.019728351773221 -12.424263651194952 0
      vertex -5.019728351773221 -12.424263651194952 6
      vertex -4.583069920563961 -12.591881118531173 0
    endloop
  endfacet
  facet normal 0.32556815445715404 0.9455185755993176 0
    outer loop
      vertex -4.583069920563961 -12.591881118531173 0
      vertex -4.583069920563961 -12.591881118531173 6
      vertex -4.1408277246242955 -12.744157318355057 0
    endloop
  endfacet
  facet normal 0.25881904510252013 0.9659258262890684 0
    outer loop
      vertex -3.693540567947789 -12.880906725573473 0
      vertex -3.693540567947789 -12.880906725573473 6
      vertex -3.2417534010355475 -13.001962732098352 0
    endloop
  endfacet
  facet normal 0.22495105434386847 0.9743700647852344 0
    outer loop
      vertex -3.2417534010355475 -13.001962732098352 0
      vertex -3.2417534010355475 -13.001962732098352 6
      vertex -2.786016656957975 -13.107177849832997 0
    endloop
  endfacet
  facet normal 0.19080899537654275 0.9816271834476644 0
    outer loop
      vertex -2.786016656957975 -13.107177849832997 0
      vertex -2.786016656957975 -13.107177849832997 6
      vertex -2.3268855807368665 -13.196423890363588 0
    endloop
  endfacet
  facet normal 0.15643446504023145 0.9876883405951375 0
    outer loop
      vertex -2.3268855807368665 -13.196423890363588 0
      vertex -2.3268855807368665 -13.196423890363588 6
      vertex -1.864919552864877 -13.269592121137043 0
    endloop
  endfacet
  facet normal 0.12186934340514614 0.9925461516413222 0
    outer loop
      vertex -1.864919552864877 -13.269592121137043 0
      vertex -1.864919552864877 -13.269592121137043 6
      vertex -1.4006814077865566 -13.326593397934863 0
    endloop
  endfacet
  facet normal 0.08715574274765582 0.9961946980917458 0
    outer loop
      vertex -1.4006814077865566 -13.326593397934863 0
      vertex -1.4006814077865566 -13.326593397934863 6
      vertex -0.934736748171279 -13.367358273481644 0
    endloop
  endfacet
  facet normal 0.052335956242946034 0.9986295347545738 0
    outer loop
      vertex -0.934736748171279 -13.367358273481644 0
      vertex -0.934736748171279 -13.367358273481644 6
      vertex -0.467653255813513 -13.391837082055883 0
    endloop
  endfacet
  facet normal 0.017452406437284348 0.9998476951563913 0
    outer loop
      vertex -0.467653255813513 -13.391837082055883 0
      vertex -0.467653255813513 -13.391837082055883 6
      vertex 0 -13.4 0
    endloop
  endfacet
  facet normal 0.8191520442889895 0.5735764363510493 0
    outer loop
      vertex -11.10910347223756 -7.4931849065080085 6
      vertex -10.840827724624296 -7.87632238071914 6
      vertex -10.840827724624296 -7.87632238071914 0
    endloop
  endfacet
  facet normal 0.8386705679454269 0.5446390350150225 0
    outer loop
      vertex -11.10910347223756 -7.4931849065080085 0
      vertex -11.363844488496108 -7.1009181407249455 6
      vertex -11.10910347223756 -7.4931849065080085 6
    endloop
  endfacet
  facet normal 0.5735764363510493 0.8191520442889895 0
    outer loop
      vertex -7.4931849065080085 -11.10910347223756 0
      vertex -7.87632238071914 -10.840827724624296 6
      vertex -7.4931849065080085 -11.10910347223756 6
    endloop
  endfacet
  facet normal 0.5446390350150225 0.8386705679454269 0
    outer loop
      vertex -7.1009181407249455 -11.363844488496108 0
      vertex -7.4931849065080085 -11.10910347223756 6
      vertex -7.1009181407249455 -11.363844488496108 6
    endloop
  endfacet
  facet normal 0.73135370161917 0.6819983600624989 0
    outer loop
      vertex -9.958140661397083 -8.9663501252087 6
      vertex -9.639153324537926 -9.308422164150564 6
      vertex -9.639153324537926 -9.308422164150564 0
    endloop
  endfacet
  facet normal 0.7071067811865475 0.7071067811865475 0
    outer loop
      vertex -9.639153324537926 -9.308422164150564 6
      vertex -9.308422164150564 -9.639153324537926 6
      vertex -9.308422164150564 -9.639153324537926 0
    endloop
  endfacet
  facet normal 0.6819983600624989 0.73135370161917 0
    outer loop
      vertex -8.9663501252087 -9.958140661397083 0
      vertex -9.308422164150564 -9.639153324537926 6
      vertex -8.9663501252087 -9.958140661397083 6
    endloop
  endfacet
  facet normal 0.7547095802227739 0.6560590289905049 0
    outer loop
      vertex -10.264995537794306 -8.613353969799626 6
      vertex -9.958140661397083 -8.9663501252087 6
      vertex -9.958140661397083 -8.9663501252087 0
    endloop
  endfacet
  facet normal 0.777145961456969 0.6293203910498396 0
    outer loop
      vertex -10.559344098330074 -8.249863769363822 6
      vertex -10.264995537794306 -8.613353969799626 6
      vertex -10.264995537794306 -8.613353969799626 0
    endloop
  endfacet
  facet normal 0.7986355100472935 0.6018150231520475 0
    outer loop
      vertex -10.840827724624296 -7.87632238071914 6
      vertex -10.559344098330074 -8.249863769363822 6
      vertex -10.559344098330074 -8.249863769363822 0
    endloop
  endfacet
  facet normal 0.6560590289905049 0.7547095802227739 0
    outer loop
      vertex -8.613353969799626 -10.264995537794306 0
      vertex -8.9663501252087 -9.958140661397083 6
      vertex -8.613353969799626 -10.264995537794306 6
    endloop
  endfacet
  facet normal 0.6293203910498396 0.777145961456969 0
    outer loop
      vertex -8.249863769363822 -10.559344098330074 0
      vertex -8.613353969799626 -10.264995537794306 6
      vertex -8.249863769363822 -10.559344098330074 6
    endloop
  endfacet
  facet normal 0.6018150231520475 0.7986355100472935 0
    outer loop
      vertex -7.87632238071914 -10.840827724624296 0
      vertex -8.249863769363822 -10.559344098330074 6
      vertex -7.87632238071914 -10.840827724624296 6
    endloop
  endfacet
  facet normal 0.9563047559630352 0.29237170472273766 0
    outer loop
      vertex -12.880906725573473 -3.693540567947789 6
      vertex -12.744157318355057 -4.1408277246242955 6
      vertex -12.744157318355057 -4.1408277246242955 0
    endloop
  endfacet
  facet normal 0.891006524188368 0.45399049973954636 0
    outer loop
      vertex -12.043840220408839 -5.874173366973638 6
      vertex -11.831497744309623 -6.290918941330937 6
      vertex -11.831497744309623 -6.290918941330937 0
    endloop
  endfacet
  facet normal 0.9063077870366506 0.42261826174069783 0
    outer loop
      vertex -12.043840220408839 -5.874173366973638 0
      vertex -12.241509132410853 -5.450271017215723 6
      vertex -12.043840220408839 -5.874173366973638 6
    endloop
  endfacet
  facet normal 0.8571673007021124 0.5150380749100538 0
    outer loop
      vertex -11.604740410711477 -6.7 6
      vertex -11.363844488496108 -7.1009181407249455 6
      vertex -11.363844488496108 -7.1009181407249455 0
    endloop
  endfacet
  facet normal 0.8746197071393933 0.48480962024634167 0
    outer loop
      vertex -11.831497744309623 -6.290918941330937 6
      vertex -11.604740410711477 -6.7 6
      vertex -11.604740410711477 -6.7 0
    endloop
  endfacet
  facet normal 0.9205048534524404 0.39073112848927366 0
    outer loop
      vertex -12.424263651194952 -5.019728351773221 6
      vertex -12.241509132410853 -5.450271017215723 6
      vertex -12.241509132410853 -5.450271017215723 0
    endloop
  endfacet
  facet normal 0.9335804264972016 0.3583679495453006 0
    outer loop
      vertex -12.591881118531173 -4.583069920563961 6
      vertex -12.424263651194952 -5.019728351773221 6
      vertex -12.424263651194952 -5.019728351773221 0
    endloop
  endfacet
  facet normal 0.9455185755993176 0.32556815445715404 0
    outer loop
      vertex -12.591881118531173 -4.583069920563961 0
      vertex -12.744157318355057 -4.1408277246242955 6
      vertex -12.591881118531173 -4.583069920563961 6
    endloop
  endfacet
  facet normal 0.9659258262890684 0.25881904510252013 0
    outer loop
      vertex -13.001962732098352 -3.2417534010355475 6
      vertex -12.880906725573473 -3.693540567947789 6
      vertex -12.880906725573473 -3.693540567947789 0
    endloop
  endfacet
  facet normal 0.9743700647852344 0.22495105434386847 0
    outer loop
      vertex -13.107177849832997 -2.786016656957975 6
      vertex -13.001962732098352 -3.2417534010355475 6
      vertex -13.001962732098352 -3.2417534010355475 0
    endloop
  endfacet
  facet normal 0.9816271834476644 0.19080899537654275 0
    outer loop
      vertex -13.107177849832997 -2.786016656957975 0
      vertex -13.196423890363588 -2.3268855807368665 6
      vertex -13.107177849832997 -2.786016656957975 6
    endloop
  endfacet
  facet normal 0.9876883405951375 0.15643446504023145 0
    outer loop
      vertex -13.269592121137043 -1.864919552864877 6
      vertex -13.196423890363588 -2.3268855807368665 6
      vertex -13.196423890363588 -2.3268855807368665 0
    endloop
  endfacet
  facet normal 0.9925461516413222 0.12186934340514614 0
    outer loop
      vertex -13.326593397934863 -1.4006814077865566 6
      vertex -13.269592121137043 -1.864919552864877 6
      vertex -13.269592121137043 -1.864919552864877 0
    endloop
  endfacet
  facet normal 0.9961946980917458 0.08715574274765582 0
    outer loop
      vertex -13.326593397934863 -1.4006814077865566 0
      vertex -13.367358273481644 -0.934736748171279 6
      vertex -13.326593397934863 -1.4006814077865566 6
    endloop
  endfacet
  facet normal 0.9986295347545738 0.052335956242946034 0
    outer loop
      vertex -13.391837082055883 -0.467653255813513 6
      vertex -13.367358273481644 -0.934736748171279 6
      vertex -13.367358273481644 -0.934736748171279 0
    endloop
  endfacet
  facet normal 0.9998476951563913 0.017452406437284348 0
    outer loop
      vertex -13.4 0 6
      vertex -13.391837082055883 -0.467653255813513 6
      vertex -13.391837082055883 -0.467653255813513 0
    endloop
  endfacet
  facet normal 0.48480962024634167 0.8746197071393933 0
    outer loop
      vertex -6.290918941330937 -11.831497744309623 0
      vertex -6.7 -11.604740410711477 6
      vertex -6.290918941330937 -11.831497744309623 6
    endloop
  endfacet
  facet normal 0.5150380749100538 0.8571673007021124 0
    outer loop
      vertex -6.7 -11.604740410711477 0
      vertex -7.1009181407249455 -11.363844488496108 6
      vertex -6.7 -11.604740410711477 6
    endloop
  endfacet
  facet normal 0.45399049973954636 0.891006524188368 0
    outer loop
      vertex -6.290918941330937 -11.831497744309623 6
      vertex -5.874173366973638 -12.043840220408839 6
      vertex -5.874173366973638 -12.043840220408839 0
    endloop
  endfacet
  facet normal 0.42261826174069783 0.9063077870366506 0
    outer loop
      vertex -5.450271017215723 -12.241509132410853 0
      vertex -5.874173366973638 -12.043840220408839 6
      vertex -5.450271017215723 -12.241509132410853 6
    endloop
  endfacet
  facet normal 0.32556815445715404 0.9455185755993176 0
    outer loop
      vertex -4.1408277246242955 -12.744157318355057 0
      vertex -4.583069920563961 -12.591881118531173 6
      vertex -4.1408277246242955 -12.744157318355057 6
    endloop
  endfacet
  facet normal 0.29237170472273766 0.9563047559630352 0
    outer loop
      vertex -3.693540567947789 -12.880906725573473 0
      vertex -4.1408277246242955 -12.744157318355057 6
      vertex -3.693540567947789 -12.880906725573473 6
    endloop
  endfacet
  facet normal 0.39073112848927366 0.9205048534524404 0
    outer loop
      vertex -5.019728351773221 -12.424263651194952 0
      vertex -5.450271017215723 -12.241509132410853 6
      vertex -5.019728351773221 -12.424263651194952 6
    endloop
  endfacet
  facet normal 0.3583679495453006 0.9335804264972016 0
    outer loop
      vertex -4.583069920563961 -12.591881118531173 0
      vertex -5.019728351773221 -12.424263651194952 6
      vertex -4.583069920563961 -12.591881118531173 6
    endloop
  endfacet
  facet normal 0.25881904510252013 0.9659258262890684 0
    outer loop
      vertex -3.2417534010355475 -13.001962732098352 0
      vertex -3.693540567947789 -12.880906725573473 6
      vertex -3.2417534010355475 -13.001962732098352 6
    endloop
  endfacet
  facet normal 0.22495105434386847 0.9743700647852344 0
    outer loop
      vertex -2.786016656957975 -13.107177849832997 0
      vertex -3.2417534010355475 -13.001962732098352 6
      vertex -2.786016656957975 -13.107177849832997 6
    endloop
  endfacet
  facet normal 0.19080899537654275 0.9816271834476644 0
    outer loop
      vertex -2.3268855807368665 -13.196423890363588 0
      vertex -2.786016656957975 -13.107177849832997 6
      vertex -2.3268855807368665 -13.196423890363588 6
    endloop
  endfacet
  facet normal 0.15643446504023145 0.9876883405951375 0
    outer loop
      vertex -1.864919552864877 -13.269592121137043 0
      vertex -2.3268855807368665 -13.196423890363588 6
      vertex -1.864919552864877 -13.269592121137043 6
    endloop
  endfacet
  facet normal 0.12186934340514614 0.9925461516413222 0
    outer loop
      vertex -1.4006814077865566 -13.326593397934863 0
      vertex -1.864919552864877 -13.269592121137043 6
      vertex -1.4006814077865566 -13.326593397934863 6
    endloop
  endfacet
  facet normal 0.08715574274765582 0.9961946980917458 0
    outer loop
      vertex -0.934736748171279 -13.367358273481644 0
      vertex -1.4006814077865566 -13.326593397934863 6
      vertex -0.934736748171279 -13.367358273481644 6
    endloop
  endfacet
  facet normal 0.052335956242946034 0.9986295347545738 0
    outer loop
      vertex -0.467653255813513 -13.391837082055883 0
      vertex -0.934736748171279 -13.367358273481644 6
      vertex -0.467653255813513 -13.391837082055883 6
    endloop
  endfacet
  facet normal 0.017452406437284348 0.9998476951563913 0
    outer loop
      vertex 0 -13.4 0
      vertex -0.467653255813513 -13.391837082055883 6
      vertex 0 -13.4 6
    endloop
  endfacet
  facet normal 0.9998476951563913 -0.017452406437284348 0
    outer loop
      vertex -13.4 0 0
      vertex -13.391837082055883 0.467653255813513 0
      vertex -13.391837082055883 0.467653255813513 6
    endloop
  endfacet
  facet normal 0.9986295347545738 -0.052335956242946034 0
    outer loop
      vertex -13.367358273481644 0.934736748171279 6
      vertex -13.391837082055883 0.467653255813513 0
      vertex -13.367358273481644 0.934736748171279 0
    endloop
  endfacet
  facet normal 0.9961946980917458 -0.08715574274765582 0
    outer loop
      vertex -13.367358273481644 0.934736748171279 0
      vertex -13.326593397934863 1.4006814077865566 0
      vertex -13.326593397934863 1.4006814077865566 6
    endloop
  endfacet
  facet normal 0.9925461516413222 -0.12186934340514614 0
    outer loop
      vertex -13.326593397934863 1.4006814077865566 0
      vertex -13.269592121137043 1.864919552864877 0
      vertex -13.269592121137043 1.864919552864877 6
    endloop
  endfacet
  facet normal 0.9876883405951375 -0.15643446504023145 0
    outer loop
      vertex -13.269592121137043 1.864919552864877 0
      vertex -13.196423890363588 2.3268855807368665 0
      vertex -13.196423890363588 2.3268855807368665 6
    endloop
  endfacet
  facet normal 0.9816271834476644 -0.19080899537654275 0
    outer loop
      vertex -13.196423890363588 2.3268855807368665 0
      vertex -13.107177849832997 2.786016656957975 0
      vertex -13.107177849832997 2.786016656957975 6
    endloop
  endfacet
  facet normal 0.9743700647852344 -0.22495105434386847 0
    outer loop
      vertex -13.107177849832997 2.786016656957975 0
      vertex -13.001962732098352 3.2417534010355475 0
      vertex -13.001962732098352 3.2417534010355475 6
    endloop
  endfacet
  facet normal 0.9659258262890684 -0.25881904510252013 0
    outer loop
      vertex -13.001962732098352 3.2417534010355475 0
      vertex -12.880906725573473 3.693540567947789 0
      vertex -12.880906725573473 3.693540567947789 6
    endloop
  endfacet
  facet normal 0.9563047559630352 -0.29237170472273766 0
    outer loop
      vertex -12.880906725573473 3.693540567947789 0
      vertex -12.744157318355057 4.1408277246242955 0
      vertex -12.744157318355057 4.1408277246242955 6
    endloop
  endfacet
  facet normal 0.9455185755993176 -0.32556815445715404 0
    outer loop
      vertex -12.744157318355057 4.1408277246242955 0
      vertex -12.591881118531173 4.583069920563961 0
      vertex -12.591881118531173 4.583069920563961 6
    endloop
  endfacet
  facet normal 0.9335804264972016 -0.3583679495453006 0
    outer loop
      vertex -12.591881118531173 4.583069920563961 0
      vertex -12.424263651194952 5.019728351773221 0
      vertex -12.424263651194952 5.019728351773221 6
    endloop
  endfacet
  facet normal 0.9205048534524404 -0.39073112848927366 0
    outer loop
      vertex -12.424263651194952 5.019728351773221 0
      vertex -12.241509132410853 5.450271017215723 0
      vertex -12.241509132410853 5.450271017215723 6
    endloop
  endfacet
  facet normal 0.9063077870366506 -0.42261826174069783 0
    outer loop
      vertex -12.241509132410853 5.450271017215723 0
      vertex -12.043840220408839 5.874173366973638 0
      vertex -12.043840220408839 5.874173366973638 6
    endloop
  endfacet
  facet normal 0.891006524188368 -0.45399049973954636 0
    outer loop
      vertex -12.043840220408839 5.874173366973638 0
      vertex -11.831497744309623 6.290918941330937 0
      vertex -11.831497744309623 6.290918941330937 6
    endloop
  endfacet
  facet normal 0.8746197071393933 -0.48480962024634167 0
    outer loop
      vertex -11.831497744309623 6.290918941330937 0
      vertex -11.604740410711477 6.7 0
      vertex -11.604740410711477 6.7 6
    endloop
  endfacet
  facet normal 0.8571673007021124 -0.5150380749100538 0
    outer loop
      vertex -11.604740410711477 6.7 0
      vertex -11.363844488496108 7.1009181407249455 0
      vertex -11.363844488496108 7.1009181407249455 6
    endloop
  endfacet
  facet normal 0.8386705679454269 -0.5446390350150225 0
    outer loop
      vertex -11.363844488496108 7.1009181407249455 0
      vertex -11.10910347223756 7.4931849065080085 0
      vertex -11.10910347223756 7.4931849065080085 6
    endloop
  endfacet
  facet normal 0.8191520442889895 -0.5735764363510493 0
    outer loop
      vertex -11.10910347223756 7.4931849065080085 0
      vertex -10.840827724624296 7.87632238071914 0
      vertex -10.840827724624296 7.87632238071914 6
    endloop
  endfacet
  facet normal 0.7986355100472935 -0.6018150231520475 0
    outer loop
      vertex -10.840827724624296 7.87632238071914 0
      vertex -10.559344098330074 8.249863769363822 0
      vertex -10.559344098330074 8.249863769363822 6
    endloop
  endfacet
  facet normal 0.777145961456969 -0.6293203910498396 0
    outer loop
      vertex -10.559344098330074 8.249863769363822 0
      vertex -10.264995537794306 8.613353969799626 0
      vertex -10.264995537794306 8.613353969799626 6
    endloop
  endfacet
  facet normal 0.7547095802227739 -0.6560590289905049 0
    outer loop
      vertex -10.264995537794306 8.613353969799626 0
      vertex -9.958140661397083 8.9663501252087 0
      vertex -9.958140661397083 8.9663501252087 6
    endloop
  endfacet
  facet normal 0.73135370161917 -0.6819983600624989 0
    outer loop
      vertex -9.958140661397083 8.9663501252087 0
      vertex -9.639153324537926 9.308422164150564 0
      vertex -9.639153324537926 9.308422164150564 6
    endloop
  endfacet
  facet normal 0.7071067811865475 -0.7071067811865475 0
    outer loop
      vertex -9.639153324537926 9.308422164150564 0
      vertex -9.308422164150564 9.639153324537926 0
      vertex -9.308422164150564 9.639153324537926 6
    endloop
  endfacet
  facet normal 0.6819983600624989 -0.73135370161917 0
    outer loop
      vertex -8.9663501252087 9.958140661397083 0
      vertex -8.9663501252087 9.958140661397083 6
      vertex -9.308422164150564 9.639153324537926 0
    endloop
  endfacet
  facet normal 0.6560590289905049 -0.7547095802227739 0
    outer loop
      vertex -8.613353969799626 10.264995537794306 0
      vertex -8.613353969799626 10.264995537794306 6
      vertex -8.9663501252087 9.958140661397083 0
    endloop
  endfacet
  facet normal 0.6293203910498396 -0.777145961456969 0
    outer loop
      vertex -8.249863769363822 10.559344098330074 0
      vertex -8.249863769363822 10.559344098330074 6
      vertex -8.613353969799626 10.264995537794306 0
    endloop
  endfacet
  facet normal 0.6018150231520475 -0.7986355100472935 0
    outer loop
      vertex -7.87632238071914 10.840827724624296 0
      vertex -7.87632238071914 10.840827724624296 6
      vertex -8.249863769363822 10.559344098330074 0
    endloop
  endfacet
  facet normal 0.5735764363510493 -0.8191520442889895 0
    outer loop
      vertex -7.4931849065080085 11.10910347223756 0
      vertex -7.4931849065080085 11.10910347223756 6
      vertex -7.87632238071914 10.840827724624296 0
    endloop
  endfacet
  facet normal 0.5446390350150225 -0.8386705679454269 0
    outer loop
      vertex -7.1009181407249455 11.363844488496108 0
      vertex -7.1009181407249455 11.363844488496108 6
      vertex -7.4931849065080085 11.10910347223756 0
    endloop
  endfacet
  facet normal 0.5150380749100538 -0.8571673007021124 0
    outer loop
      vertex -6.7 11.604740410711477 0
      vertex -6.7 11.604740410711477 6
      vertex -7.1009181407249455 11.363844488496108 0
    endloop
  endfacet
  facet normal 0.48480962024634167 -0.8746197071393933 0
    outer loop
      vertex -6.290918941330937 11.831497744309623 0
      vertex -6.290918941330937 11.831497744309623 6
      vertex -6.7 11.604740410711477 0
    endloop
  endfacet
  facet normal 0.45399049973954636 -0.891006524188368 0
    outer loop
      vertex -6.290918941330937 11.831497744309623 0
      vertex -5.874173366973638 12.043840220408839 0
      vertex -5.874173366973638 12.043840220408839 6
    endloop
  endfacet
  facet normal 0.42261826174069783 -0.9063077870366506 0
    outer loop
      vertex -5.450271017215723 12.241509132410853 0
      vertex -5.450271017215723 12.241509132410853 6
      vertex -5.874173366973638 12.043840220408839 0
    endloop
  endfacet
  facet normal 0.39073112848927366 -0.9205048534524404 0
    outer loop
      vertex -5.019728351773221 12.424263651194952 0
      vertex -5.019728351773221 12.424263651194952 6
      vertex -5.450271017215723 12.241509132410853 0
    endloop
  endfacet
  facet normal 0.3583679495453006 -0.9335804264972016 0
    outer loop
      vertex -4.583069920563961 12.591881118531173 0
      vertex -4.583069920563961 12.591881118531173 6
      vertex -5.019728351773221 12.424263651194952 0
    endloop
  endfacet
  facet normal 0.32556815445715404 -0.9455185755993176 0
    outer loop
      vertex -4.1408277246242955 12.744157318355057 0
      vertex -4.1408277246242955 12.744157318355057 6
      vertex -4.583069920563961 12.591881118531173 0
    endloop
  endfacet
  facet normal 0.29237170472273766 -0.9563047559630352 0
    outer loop
      vertex -3.693540567947789 12.880906725573473 0
      vertex -3.693540567947789 12.880906725573473 6
      vertex -4.1408277246242955 12.744157318355057 0
    endloop
  endfacet
  facet normal 0.25881904510252013 -0.9659258262890684 0
    outer loop
      vertex -3.2417534010355475 13.001962732098352 0
      vertex -3.2417534010355475 13.001962732098352 6
      vertex -3.693540567947789 12.880906725573473 0
    endloop
  endfacet
  facet normal 0.22495105434386847 -0.9743700647852344 0
    outer loop
      vertex -2.786016656957975 13.107177849832997 0
      vertex -2.786016656957975 13.107177849832997 6
      vertex -3.2417534010355475 13.001962732098352 0
    endloop
  endfacet
  facet normal 0.19080899537654275 -0.9816271834476644 0
    outer loop
      vertex -2.3268855807368665 13.196423890363588 0
      vertex -2.3268855807368665 13.196423890363588 6
      vertex -2.786016656957975 13.107177849832997 0
    endloop
  endfacet
  facet normal 0.15643446504023145 -0.9876883405951375 0
    outer loop
      vertex -1.864919552864877 13.269592121137043 0
      vertex -1.864919552864877 13.269592121137043 6
      vertex -2.3268855807368665 13.196423890363588 0
    endloop
  endfacet
  facet normal 0.12186934340514614 -0.9925461516413222 0
    outer loop
      vertex -1.4006814077865566 13.326593397934863 0
      vertex -1.4006814077865566 13.326593397934863 6
      vertex -1.864919552864877 13.269592121137043 0
    endloop
  endfacet
  facet normal 0.08715574274765582 -0.9961946980917458 0
    outer loop
      vertex -0.934736748171279 13.367358273481644 0
      vertex -0.934736748171279 13.367358273481644 6
      vertex -1.4006814077865566 13.326593397934863 0
    endloop
  endfacet
  facet normal 0.052335956242946034 -0.9986295347545738 0
    outer loop
      vertex -0.467653255813513 13.391837082055883 0
      vertex -0.467653255813513 13.391837082055883 6
      vertex -0.934736748171279 13.367358273481644 0
    endloop
  endfacet
  facet normal 0.017452406437284348 -0.9998476951563913 0
    outer loop
      vertex -0.467653255813513 13.391837082055883 0
      vertex 0 13.4 0
      vertex 0 13.4 6
    endloop
  endfacet
  facet normal 0.9998476951563913 -0.017452406437284348 0
    outer loop
      vertex -13.391837082055883 0.467653255813513 6
      vertex -13.4 0 6
      vertex -13.4 0 0
    endloop
  endfacet
  facet normal 0.9986295347545738 -0.052335956242946034 0
    outer loop
      vertex -13.367358273481644 0.934736748171279 6
      vertex -13.391837082055883 0.467653255813513 6
      vertex -13.391837082055883 0.467653255813513 0
    endloop
  endfacet
  facet normal 0.9961946980917458 -0.08715574274765582 0
    outer loop
      vertex -13.326593397934863 1.4006814077865566 6
      vertex -13.367358273481644 0.934736748171279 6
      vertex -13.367358273481644 0.934736748171279 0
    endloop
  endfacet
  facet normal 0.9925461516413222 -0.12186934340514614 0
    outer loop
      vertex -13.326593397934863 1.4006814077865566 0
      vertex -13.269592121137043 1.864919552864877 6
      vertex -13.326593397934863 1.4006814077865566 6
    endloop
  endfacet
  facet normal 0.9876883405951375 -0.15643446504023145 0
    outer loop
      vertex -13.196423890363588 2.3268855807368665 6
      vertex -13.269592121137043 1.864919552864877 6
      vertex -13.269592121137043 1.864919552864877 0
    endloop
  endfacet
  facet normal 0.9816271834476644 -0.19080899537654275 0
    outer loop
      vertex -13.107177849832997 2.786016656957975 6
      vertex -13.196423890363588 2.3268855807368665 6
      vertex -13.196423890363588 2.3268855807368665 0
    endloop
  endfacet
  facet normal 0.9743700647852344 -0.22495105434386847 0
    outer loop
      vertex -13.107177849832997 2.786016656957975 0
      vertex -13.001962732098352 3.2417534010355475 6
      vertex -13.107177849832997 2.786016656957975 6
    endloop
  endfacet
  facet normal 0.9659258262890684 -0.25881904510252013 0
    outer loop
      vertex -12.880906725573473 3.693540567947789 6
      vertex -13.001962732098352 3.2417534010355475 6
      vertex -13.001962732098352 3.2417534010355475 0
    endloop
  endfacet
  facet normal 0.9563047559630352 -0.29237170472273766 0
    outer loop
      vertex -12.744157318355057 4.1408277246242955 6
      vertex -12.880906725573473 3.693540567947789 6
      vertex -12.880906725573473 3.693540567947789 0
    endloop
  endfacet
  facet normal 0.9455185755993176 -0.32556815445715404 0
    outer loop
      vertex -12.591881118531173 4.583069920563961 6
      vertex -12.744157318355057 4.1408277246242955 6
      vertex -12.744157318355057 4.1408277246242955 0
    endloop
  endfacet
  facet normal 0.9335804264972016 -0.3583679495453006 0
    outer loop
      vertex -12.424263651194952 5.019728351773221 6
      vertex -12.591881118531173 4.583069920563961 6
      vertex -12.591881118531173 4.583069920563961 0
    endloop
  endfacet
  facet normal 0.9205048534524404 -0.39073112848927366 0
    outer loop
      vertex -12.241509132410853 5.450271017215723 6
      vertex -12.424263651194952 5.019728351773221 6
      vertex -12.424263651194952 5.019728351773221 0
    endloop
  endfacet
  facet normal 0.9063077870366506 -0.42261826174069783 0
    outer loop
      vertex -12.043840220408839 5.874173366973638 6
      vertex -12.241509132410853 5.450271017215723 6
      vertex -12.241509132410853 5.450271017215723 0
    endloop
  endfacet
  facet normal 0.891006524188368 -0.45399049973954636 0
    outer loop
      vertex -11.831497744309623 6.290918941330937 6
      vertex -12.043840220408839 5.874173366973638 6
      vertex -12.043840220408839 5.874173366973638 0
    endloop
  endfacet
  facet normal 0.8746197071393933 -0.48480962024634167 0
    outer loop
      vertex -11.604740410711477 6.7 6
      vertex -11.831497744309623 6.290918941330937 6
      vertex -11.831497744309623 6.290918941330937 0
    endloop
  endfacet
  facet normal 0.8571673007021124 -0.5150380749100538 0
    outer loop
      vertex -11.363844488496108 7.1009181407249455 6
      vertex -11.604740410711477 6.7 6
      vertex -11.604740410711477 6.7 0
    endloop
  endfacet
  facet normal 0.8386705679454269 -0.5446390350150225 0
    outer loop
      vertex -11.10910347223756 7.4931849065080085 6
      vertex -11.363844488496108 7.1009181407249455 6
      vertex -11.363844488496108 7.1009181407249455 0
    endloop
  endfacet
  facet normal 0.8191520442889895 -0.5735764363510493 0
    outer loop
      vertex -10.840827724624296 7.87632238071914 6
      vertex -11.10910347223756 7.4931849065080085 6
      vertex -11.10910347223756 7.4931849065080085 0
    endloop
  endfacet
  facet normal 0.7986355100472935 -0.6018150231520475 0
    outer loop
      vertex -10.559344098330074 8.249863769363822 6
      vertex -10.840827724624296 7.87632238071914 6
      vertex -10.840827724624296 7.87632238071914 0
    endloop
  endfacet
  facet normal 0.777145961456969 -0.6293203910498396 0
    outer loop
      vertex -10.264995537794306 8.613353969799626 6
      vertex -10.559344098330074 8.249863769363822 6
      vertex -10.559344098330074 8.249863769363822 0
    endloop
  endfacet
  facet normal 0.7547095802227739 -0.6560590289905049 0
    outer loop
      vertex -9.958140661397083 8.9663501252087 6
      vertex -10.264995537794306 8.613353969799626 6
      vertex -10.264995537794306 8.613353969799626 0
    endloop
  endfacet
  facet normal 0.73135370161917 -0.6819983600624989 0
    outer loop
      vertex -9.639153324537926 9.308422164150564 6
      vertex -9.958140661397083 8.9663501252087 6
      vertex -9.958140661397083 8.9663501252087 0
    endloop
  endfacet
  facet normal 0.7071067811865475 -0.7071067811865475 0
    outer loop
      vertex -9.639153324537926 9.308422164150564 0
      vertex -9.308422164150564 9.639153324537926 6
      vertex -9.639153324537926 9.308422164150564 6
    endloop
  endfacet
  facet normal 0.6819983600624989 -0.73135370161917 0
    outer loop
      vertex -9.308422164150564 9.639153324537926 0
      vertex -8.9663501252087 9.958140661397083 6
      vertex -9.308422164150564 9.639153324537926 6
    endloop
  endfacet
  facet normal 0.6560590289905049 -0.7547095802227739 0
    outer loop
      vertex -8.9663501252087 9.958140661397083 0
      vertex -8.613353969799626 10.264995537794306 6
      vertex -8.9663501252087 9.958140661397083 6
    endloop
  endfacet
  facet normal 0.6293203910498396 -0.777145961456969 0
    outer loop
      vertex -8.613353969799626 10.264995537794306 0
      vertex -8.249863769363822 10.559344098330074 6
      vertex -8.613353969799626 10.264995537794306 6
    endloop
  endfacet
  facet normal 0.6018150231520475 -0.7986355100472935 0
    outer loop
      vertex -8.249863769363822 10.559344098330074 0
      vertex -7.87632238071914 10.840827724624296 6
      vertex -8.249863769363822 10.559344098330074 6
    endloop
  endfacet
  facet normal 0.5735764363510493 -0.8191520442889895 0
    outer loop
      vertex -7.87632238071914 10.840827724624296 0
      vertex -7.4931849065080085 11.10910347223756 6
      vertex -7.87632238071914 10.840827724624296 6
    endloop
  endfacet
  facet normal 0.5446390350150225 -0.8386705679454269 0
    outer loop
      vertex -7.4931849065080085 11.10910347223756 0
      vertex -7.1009181407249455 11.363844488496108 6
      vertex -7.4931849065080085 11.10910347223756 6
    endloop
  endfacet
  facet normal 0.5150380749100538 -0.8571673007021124 0
    outer loop
      vertex -7.1009181407249455 11.363844488496108 0
      vertex -6.7 11.604740410711477 6
      vertex -7.1009181407249455 11.363844488496108 6
    endloop
  endfacet
  facet normal 0.48480962024634167 -0.8746197071393933 0
    outer loop
      vertex -6.7 11.604740410711477 0
      vertex -6.290918941330937 11.831497744309623 6
      vertex -6.7 11.604740410711477 6
    endloop
  endfacet
  facet normal 0.45399049973954636 -0.891006524188368 0
    outer loop
      vertex -6.290918941330937 11.831497744309623 0
      vertex -5.874173366973638 12.043840220408839 6
      vertex -6.290918941330937 11.831497744309623 6
    endloop
  endfacet
  facet normal 0.42261826174069783 -0.9063077870366506 0
    outer loop
      vertex -5.874173366973638 12.043840220408839 6
      vertex -5.874173366973638 12.043840220408839 0
      vertex -5.450271017215723 12.241509132410853 6
    endloop
  endfacet
  facet normal 0.39073112848927366 -0.9205048534524404 0
    outer loop
      vertex -5.450271017215723 12.241509132410853 0
      vertex -5.019728351773221 12.424263651194952 6
      vertex -5.450271017215723 12.241509132410853 6
    endloop
  endfacet
  facet normal 0.3583679495453006 -0.9335804264972016 0
    outer loop
      vertex -5.019728351773221 12.424263651194952 0
      vertex -4.583069920563961 12.591881118531173 6
      vertex -5.019728351773221 12.424263651194952 6
    endloop
  endfacet
  facet normal 0.32556815445715404 -0.9455185755993176 0
    outer loop
      vertex -4.583069920563961 12.591881118531173 0
      vertex -4.1408277246242955 12.744157318355057 6
      vertex -4.583069920563961 12.591881118531173 6
    endloop
  endfacet
  facet normal 0.29237170472273766 -0.9563047559630352 0
    outer loop
      vertex -4.1408277246242955 12.744157318355057 0
      vertex -3.693540567947789 12.880906725573473 6
      vertex -4.1408277246242955 12.744157318355057 6
    endloop
  endfacet
  facet normal 0.25881904510252013 -0.9659258262890684 0
    outer loop
      vertex -3.693540567947789 12.880906725573473 0
      vertex -3.2417534010355475 13.001962732098352 6
      vertex -3.693540567947789 12.880906725573473 6
    endloop
  endfacet
  facet normal 0.22495105434386847 -0.9743700647852344 0
    outer loop
      vertex -3.2417534010355475 13.001962732098352 0
      vertex -2.786016656957975 13.107177849832997 6
      vertex -3.2417534010355475 13.001962732098352 6
    endloop
  endfacet
  facet normal 0.19080899537654275 -0.9816271834476644 0
    outer loop
      vertex -2.786016656957975 13.107177849832997 0
      vertex -2.3268855807368665 13.196423890363588 6
      vertex -2.786016656957975 13.107177849832997 6
    endloop
  endfacet
  facet normal 0.15643446504023145 -0.9876883405951375 0
    outer loop
      vertex -2.3268855807368665 13.196423890363588 0
      vertex -1.864919552864877 13.269592121137043 6
      vertex -2.3268855807368665 13.196423890363588 6
    endloop
  endfacet
  facet normal 0.12186934340514614 -0.9925461516413222 0
    outer loop
      vertex -1.864919552864877 13.269592121137043 0
      vertex -1.4006814077865566 13.326593397934863 6
      vertex -1.864919552864877 13.269592121137043 6
    endloop
  endfacet
  facet normal 0.08715574274765582 -0.9961946980917458 0
    outer loop
      vertex -1.4006814077865566 13.326593397934863 0
      vertex -0.934736748171279 13.367358273481644 6
      vertex -1.4006814077865566 13.326593397934863 6
    endloop
  endfacet
  facet normal 0.052335956242946034 -0.9986295347545738 0
    outer loop
      vertex -0.934736748171279 13.367358273481644 0
      vertex -0.467653255813513 13.391837082055883 6
      vertex -0.934736748171279 13.367358273481644 6
    endloop
  endfacet
  facet normal 0.017452406437284348 -0.9998476951563913 0
    outer loop
      vertex 0 13.4 6
      vertex -0.467653255813513 13.391837082055883 6
      vertex -0.467653255813513 13.391837082055883 0
    endloop
  endfacet
  facet normal -0.017452406437284348 0.9998476951563913 0
    outer loop
      vertex 0 -13.4 6
      vertex 0.467653255813513 -13.391837082055883 0
      vertex 0 -13.4 0
    endloop
  endfacet
  facet normal -0.052335956242946034 0.9986295347545738 0
    outer loop
      vertex 0.467653255813513 -13.391837082055883 0
      vertex 0.467653255813513 -13.391837082055883 6
      vertex 0.934736748171279 -13.367358273481644 0
    endloop
  endfacet
  facet normal -0.08715574274765582 0.9961946980917458 0
    outer loop
      vertex 0.934736748171279 -13.367358273481644 0
      vertex 0.934736748171279 -13.367358273481644 6
      vertex 1.4006814077865566 -13.326593397934863 0
    endloop
  endfacet
  facet normal -0.12186934340514614 0.9925461516413222 0
    outer loop
      vertex 1.4006814077865566 -13.326593397934863 0
      vertex 1.4006814077865566 -13.326593397934863 6
      vertex 1.864919552864877 -13.269592121137043 0
    endloop
  endfacet
  facet normal -0.15643446504023145 0.9876883405951375 0
    outer loop
      vertex 1.864919552864877 -13.269592121137043 0
      vertex 1.864919552864877 -13.269592121137043 6
      vertex 2.3268855807368665 -13.196423890363588 0
    endloop
  endfacet
  facet normal -0.19080899537654275 0.9816271834476644 0
    outer loop
      vertex 2.3268855807368665 -13.196423890363588 0
      vertex 2.3268855807368665 -13.196423890363588 6
      vertex 2.786016656957975 -13.107177849832997 0
    endloop
  endfacet
  facet normal -0.22495105434386847 0.9743700647852344 0
    outer loop
      vertex 2.786016656957975 -13.107177849832997 0
      vertex 2.786016656957975 -13.107177849832997 6
      vertex 3.2417534010355475 -13.001962732098352 0
    endloop
  endfacet
  facet normal -0.25881904510252013 0.9659258262890684 0
    outer loop
      vertex 3.2417534010355475 -13.001962732098352 0
      vertex 3.2417534010355475 -13.001962732098352 6
      vertex 3.693540567947789 -12.880906725573473 0
    endloop
  endfacet
  facet normal -0.29237170472273766 0.9563047559630352 0
    outer loop
      vertex 3.693540567947789 -12.880906725573473 0
      vertex 3.693540567947789 -12.880906725573473 6
      vertex 4.1408277246242955 -12.744157318355057 0
    endloop
  endfacet
  facet normal -0.32556815445715404 0.9455185755993176 0
    outer loop
      vertex 4.1408277246242955 -12.744157318355057 0
      vertex 4.1408277246242955 -12.744157318355057 6
      vertex 4.583069920563961 -12.591881118531173 0
    endloop
  endfacet
  facet normal -0.3583679495453006 0.9335804264972016 0
    outer loop
      vertex 4.583069920563961 -12.591881118531173 0
      vertex 4.583069920563961 -12.591881118531173 6
      vertex 5.019728351773221 -12.424263651194952 0
    endloop
  endfacet
  facet normal -0.39073112848927366 0.9205048534524404 0
    outer loop
      vertex 5.019728351773221 -12.424263651194952 0
      vertex 5.019728351773221 -12.424263651194952 6
      vertex 5.450271017215723 -12.241509132410853 0
    endloop
  endfacet
  facet normal -0.42261826174069783 0.9063077870366506 0
    outer loop
      vertex 5.450271017215723 -12.241509132410853 0
      vertex 5.450271017215723 -12.241509132410853 6
      vertex 5.874173366973638 -12.043840220408839 0
    endloop
  endfacet
  facet normal -0.45399049973954636 0.891006524188368 0
    outer loop
      vertex 6.290918941330937 -11.831497744309623 0
      vertex 5.874173366973638 -12.043840220408839 0
      vertex 5.874173366973638 -12.043840220408839 6
    endloop
  endfacet
  facet normal -0.48480962024634167 0.8746197071393933 0
    outer loop
      vertex 6.290918941330937 -11.831497744309623 0
      vertex 6.290918941330937 -11.831497744309623 6
      vertex 6.7 -11.604740410711477 0
    endloop
  endfacet
  facet normal -0.5150380749100538 0.8571673007021124 0
    outer loop
      vertex 6.7 -11.604740410711477 0
      vertex 6.7 -11.604740410711477 6
      vertex 7.1009181407249455 -11.363844488496108 0
    endloop
  endfacet
  facet normal -0.5446390350150225 0.8386705679454269 0
    outer loop
      vertex 7.1009181407249455 -11.363844488496108 0
      vertex 7.1009181407249455 -11.363844488496108 6
      vertex 7.4931849065080085 -11.10910347223756 0
    endloop
  endfacet
  facet normal -0.5735764363510493 0.8191520442889895 0
    outer loop
      vertex 7.4931849065080085 -11.10910347223756 0
      vertex 7.4931849065080085 -11.10910347223756 6
      vertex 7.87632238071914 -10.840827724624296 0
    endloop
  endfacet
  facet normal -0.6018150231520475 0.7986355100472935 0
    outer loop
      vertex 7.87632238071914 -10.840827724624296 0
      vertex 7.87632238071914 -10.840827724624296 6
      vertex 8.249863769363822 -10.559344098330074 0
    endloop
  endfacet
  facet normal -0.6293203910498396 0.777145961456969 0
    outer loop
      vertex 8.249863769363822 -10.559344098330074 0
      vertex 8.249863769363822 -10.559344098330074 6
      vertex 8.613353969799626 -10.264995537794306 0
    endloop
  endfacet
  facet normal -0.6560590289905049 0.7547095802227739 0
    outer loop
      vertex 8.613353969799626 -10.264995537794306 0
      vertex 8.613353969799626 -10.264995537794306 6
      vertex 8.9663501252087 -9.958140661397083 0
    endloop
  endfacet
  facet normal -0.6819983600624989 0.73135370161917 0
    outer loop
      vertex 8.9663501252087 -9.958140661397083 0
      vertex 8.9663501252087 -9.958140661397083 6
      vertex 9.308422164150564 -9.639153324537926 0
    endloop
  endfacet
  facet normal -0.7071067811865475 0.7071067811865475 0
    outer loop
      vertex 9.639153324537926 -9.308422164150564 0
      vertex 9.308422164150564 -9.639153324537926 0
      vertex 9.308422164150564 -9.639153324537926 6
    endloop
  endfacet
  facet normal -0.73135370161917 0.6819983600624989 0
    outer loop
      vertex 9.958140661397083 -8.9663501252087 0
      vertex 9.639153324537926 -9.308422164150564 0
      vertex 9.639153324537926 -9.308422164150564 6
    endloop
  endfacet
  facet normal -0.7547095802227739 0.6560590289905049 0
    outer loop
      vertex 10.264995537794306 -8.613353969799626 0
      vertex 9.958140661397083 -8.9663501252087 0
      vertex 9.958140661397083 -8.9663501252087 6
    endloop
  endfacet
  facet normal -0.777145961456969 0.6293203910498396 0
    outer loop
      vertex 10.559344098330074 -8.249863769363822 0
      vertex 10.264995537794306 -8.613353969799626 0
      vertex 10.264995537794306 -8.613353969799626 6
    endloop
  endfacet
  facet normal -0.7986355100472935 0.6018150231520475 0
    outer loop
      vertex 10.840827724624296 -7.87632238071914 0
      vertex 10.559344098330074 -8.249863769363822 0
      vertex 10.559344098330074 -8.249863769363822 6
    endloop
  endfacet
  facet normal -0.8191520442889895 0.5735764363510493 0
    outer loop
      vertex 11.10910347223756 -7.4931849065080085 0
      vertex 10.840827724624296 -7.87632238071914 0
      vertex 10.840827724624296 -7.87632238071914 6
    endloop
  endfacet
  facet normal -0.8386705679454269 0.5446390350150225 0
    outer loop
      vertex 11.363844488496108 -7.1009181407249455 0
      vertex 11.10910347223756 -7.4931849065080085 0
      vertex 11.10910347223756 -7.4931849065080085 6
    endloop
  endfacet
  facet normal -0.8571673007021124 0.5150380749100538 0
    outer loop
      vertex 11.604740410711477 -6.7 0
      vertex 11.363844488496108 -7.1009181407249455 0
      vertex 11.363844488496108 -7.1009181407249455 6
    endloop
  endfacet
  facet normal -0.8746197071393933 0.48480962024634167 0
    outer loop
      vertex 11.831497744309623 -6.290918941330937 0
      vertex 11.604740410711477 -6.7 0
      vertex 11.604740410711477 -6.7 6
    endloop
  endfacet
  facet normal -0.891006524188368 0.45399049973954636 0
    outer loop
      vertex 12.043840220408839 -5.874173366973638 0
      vertex 11.831497744309623 -6.290918941330937 0
      vertex 11.831497744309623 -6.290918941330937 6
    endloop
  endfacet
  facet normal -0.9063077870366506 0.42261826174069783 0
    outer loop
      vertex 12.241509132410853 -5.450271017215723 0
      vertex 12.043840220408839 -5.874173366973638 0
      vertex 12.043840220408839 -5.874173366973638 6
    endloop
  endfacet
  facet normal -0.9205048534524404 0.39073112848927366 0
    outer loop
      vertex 12.424263651194952 -5.019728351773221 0
      vertex 12.241509132410853 -5.450271017215723 0
      vertex 12.241509132410853 -5.450271017215723 6
    endloop
  endfacet
  facet normal -0.9335804264972016 0.3583679495453006 0
    outer loop
      vertex 12.591881118531173 -4.583069920563961 0
      vertex 12.424263651194952 -5.019728351773221 0
      vertex 12.424263651194952 -5.019728351773221 6
    endloop
  endfacet
  facet normal -0.9455185755993176 0.32556815445715404 0
    outer loop
      vertex 12.744157318355057 -4.1408277246242955 0
      vertex 12.591881118531173 -4.583069920563961 0
      vertex 12.591881118531173 -4.583069920563961 6
    endloop
  endfacet
  facet normal -0.9563047559630352 0.29237170472273766 0
    outer loop
      vertex 12.880906725573473 -3.693540567947789 0
      vertex 12.744157318355057 -4.1408277246242955 0
      vertex 12.744157318355057 -4.1408277246242955 6
    endloop
  endfacet
  facet normal -0.9659258262890684 0.25881904510252013 0
    outer loop
      vertex 13.001962732098352 -3.2417534010355475 0
      vertex 12.880906725573473 -3.693540567947789 0
      vertex 12.880906725573473 -3.693540567947789 6
    endloop
  endfacet
  facet normal -0.9743700647852344 0.22495105434386847 0
    outer loop
      vertex 13.107177849832997 -2.786016656957975 0
      vertex 13.001962732098352 -3.2417534010355475 0
      vertex 13.001962732098352 -3.2417534010355475 6
    endloop
  endfacet
  facet normal -0.9816271834476644 0.19080899537654275 0
    outer loop
      vertex 13.196423890363588 -2.3268855807368665 0
      vertex 13.107177849832997 -2.786016656957975 0
      vertex 13.107177849832997 -2.786016656957975 6
    endloop
  endfacet
  facet normal -0.9876883405951375 0.15643446504023145 0
    outer loop
      vertex 13.269592121137043 -1.864919552864877 0
      vertex 13.196423890363588 -2.3268855807368665 0
      vertex 13.196423890363588 -2.3268855807368665 6
    endloop
  endfacet
  facet normal -0.9925461516413222 0.12186934340514614 0
    outer loop
      vertex 13.326593397934863 -1.4006814077865566 0
      vertex 13.269592121137043 -1.864919552864877 0
      vertex 13.269592121137043 -1.864919552864877 6
    endloop
  endfacet
  facet normal -0.9961946980917458 0.08715574274765582 0
    outer loop
      vertex 13.367358273481644 -0.934736748171279 0
      vertex 13.326593397934863 -1.4006814077865566 0
      vertex 13.326593397934863 -1.4006814077865566 6
    endloop
  endfacet
  facet normal -0.9986295347545738 0.052335956242946034 0
    outer loop
      vertex 13.391837082055883 -0.467653255813513 0
      vertex 13.367358273481644 -0.934736748171279 0
      vertex 13.367358273481644 -0.934736748171279 6
    endloop
  endfacet
  facet normal -0.9998476951563913 0.017452406437284348 0
    outer loop
      vertex 13.4 0 0
      vertex 13.391837082055883 -0.467653255813513 0
      vertex 13.391837082055883 -0.467653255813513 6
    endloop
  endfacet
  facet normal -0.017452406437284348 0.9998476951563913 0
    outer loop
      vertex 0.467653255813513 -13.391837082055883 0
      vertex 0 -13.4 6
      vertex 0.467653255813513 -13.391837082055883 6
    endloop
  endfacet
  facet normal -0.052335956242946034 0.9986295347545738 0
    outer loop
      vertex 0.934736748171279 -13.367358273481644 0
      vertex 0.467653255813513 -13.391837082055883 6
      vertex 0.934736748171279 -13.367358273481644 6
    endloop
  endfacet
  facet normal -0.08715574274765582 0.9961946980917458 0
    outer loop
      vertex 1.4006814077865566 -13.326593397934863 0
      vertex 0.934736748171279 -13.367358273481644 6
      vertex 1.4006814077865566 -13.326593397934863 6
    endloop
  endfacet
  facet normal -0.12186934340514614 0.9925461516413222 0
    outer loop
      vertex 1.864919552864877 -13.269592121137043 0
      vertex 1.4006814077865566 -13.326593397934863 6
      vertex 1.864919552864877 -13.269592121137043 6
    endloop
  endfacet
  facet normal -0.15643446504023145 0.9876883405951375 0
    outer loop
      vertex 2.3268855807368665 -13.196423890363588 0
      vertex 1.864919552864877 -13.269592121137043 6
      vertex 2.3268855807368665 -13.196423890363588 6
    endloop
  endfacet
  facet normal -0.19080899537654275 0.9816271834476644 0
    outer loop
      vertex 2.786016656957975 -13.107177849832997 0
      vertex 2.3268855807368665 -13.196423890363588 6
      vertex 2.786016656957975 -13.107177849832997 6
    endloop
  endfacet
  facet normal -0.22495105434386847 0.9743700647852344 0
    outer loop
      vertex 3.2417534010355475 -13.001962732098352 0
      vertex 2.786016656957975 -13.107177849832997 6
      vertex 3.2417534010355475 -13.001962732098352 6
    endloop
  endfacet
  facet normal -0.25881904510252013 0.9659258262890684 0
    outer loop
      vertex 3.693540567947789 -12.880906725573473 0
      vertex 3.2417534010355475 -13.001962732098352 6
      vertex 3.693540567947789 -12.880906725573473 6
    endloop
  endfacet
  facet normal -0.29237170472273766 0.9563047559630352 0
    outer loop
      vertex 4.1408277246242955 -12.744157318355057 0
      vertex 3.693540567947789 -12.880906725573473 6
      vertex 4.1408277246242955 -12.744157318355057 6
    endloop
  endfacet
  facet normal -0.32556815445715404 0.9455185755993176 0
    outer loop
      vertex 4.583069920563961 -12.591881118531173 0
      vertex 4.1408277246242955 -12.744157318355057 6
      vertex 4.583069920563961 -12.591881118531173 6
    endloop
  endfacet
  facet normal -0.3583679495453006 0.9335804264972016 0
    outer loop
      vertex 5.019728351773221 -12.424263651194952 0
      vertex 4.583069920563961 -12.591881118531173 6
      vertex 5.019728351773221 -12.424263651194952 6
    endloop
  endfacet
  facet normal -0.39073112848927366 0.9205048534524404 0
    outer loop
      vertex 5.450271017215723 -12.241509132410853 0
      vertex 5.019728351773221 -12.424263651194952 6
      vertex 5.450271017215723 -12.241509132410853 6
    endloop
  endfacet
  facet normal -0.42261826174069783 0.9063077870366506 0
    outer loop
      vertex 5.874173366973638 -12.043840220408839 0
      vertex 5.450271017215723 -12.241509132410853 6
      vertex 5.874173366973638 -12.043840220408839 6
    endloop
  endfacet
  facet normal -0.45399049973954636 0.891006524188368 0
    outer loop
      vertex 6.290918941330937 -11.831497744309623 0
      vertex 5.874173366973638 -12.043840220408839 6
      vertex 6.290918941330937 -11.831497744309623 6
    endloop
  endfacet
  facet normal -0.48480962024634167 0.8746197071393933 0
    outer loop
      vertex 6.7 -11.604740410711477 0
      vertex 6.290918941330937 -11.831497744309623 6
      vertex 6.7 -11.604740410711477 6
    endloop
  endfacet
  facet normal -0.5150380749100538 0.8571673007021124 0
    outer loop
      vertex 7.1009181407249455 -11.363844488496108 0
      vertex 6.7 -11.604740410711477 6
      vertex 7.1009181407249455 -11.363844488496108 6
    endloop
  endfacet
  facet normal -0.5446390350150225 0.8386705679454269 0
    outer loop
      vertex 7.4931849065080085 -11.10910347223756 0
      vertex 7.1009181407249455 -11.363844488496108 6
      vertex 7.4931849065080085 -11.10910347223756 6
    endloop
  endfacet
  facet normal -0.5735764363510493 0.8191520442889895 0
    outer loop
      vertex 7.87632238071914 -10.840827724624296 0
      vertex 7.4931849065080085 -11.10910347223756 6
      vertex 7.87632238071914 -10.840827724624296 6
    endloop
  endfacet
  facet normal -0.6018150231520475 0.7986355100472935 0
    outer loop
      vertex 8.249863769363822 -10.559344098330074 0
      vertex 7.87632238071914 -10.840827724624296 6
      vertex 8.249863769363822 -10.559344098330074 6
    endloop
  endfacet
  facet normal -0.6293203910498396 0.777145961456969 0
    outer loop
      vertex 8.613353969799626 -10.264995537794306 0
      vertex 8.249863769363822 -10.559344098330074 6
      vertex 8.613353969799626 -10.264995537794306 6
    endloop
  endfacet
  facet normal -0.6560590289905049 0.7547095802227739 0
    outer loop
      vertex 8.9663501252087 -9.958140661397083 0
      vertex 8.613353969799626 -10.264995537794306 6
      vertex 8.9663501252087 -9.958140661397083 6
    endloop
  endfacet
  facet normal -0.6819983600624989 0.73135370161917 0
    outer loop
      vertex 9.308422164150564 -9.639153324537926 6
      vertex 9.308422164150564 -9.639153324537926 0
      vertex 8.9663501252087 -9.958140661397083 6
    endloop
  endfacet
  facet normal -0.7071067811865475 0.7071067811865475 0
    outer loop
      vertex 9.639153324537926 -9.308422164150564 0
      vertex 9.308422164150564 -9.639153324537926 6
      vertex 9.639153324537926 -9.308422164150564 6
    endloop
  endfacet
  facet normal -0.73135370161917 0.6819983600624989 0
    outer loop
      vertex 9.639153324537926 -9.308422164150564 6
      vertex 9.958140661397083 -8.9663501252087 6
      vertex 9.958140661397083 -8.9663501252087 0
    endloop
  endfacet
  facet normal -0.7547095802227739 0.6560590289905049 0
    outer loop
      vertex 9.958140661397083 -8.9663501252087 6
      vertex 10.264995537794306 -8.613353969799626 6
      vertex 10.264995537794306 -8.613353969799626 0
    endloop
  endfacet
  facet normal -0.777145961456969 0.6293203910498396 0
    outer loop
      vertex 10.264995537794306 -8.613353969799626 6
      vertex 10.559344098330074 -8.249863769363822 6
      vertex 10.559344098330074 -8.249863769363822 0
    endloop
  endfacet
  facet normal -0.7986355100472935 0.6018150231520475 0
    outer loop
      vertex 10.559344098330074 -8.249863769363822 6
      vertex 10.840827724624296 -7.87632238071914 6
      vertex 10.840827724624296 -7.87632238071914 0
    endloop
  endfacet
  facet normal -0.8191520442889895 0.5735764363510493 0
    outer loop
      vertex 10.840827724624296 -7.87632238071914 6
      vertex 11.10910347223756 -7.4931849065080085 6
      vertex 11.10910347223756 -7.4931849065080085 0
    endloop
  endfacet
  facet normal -0.8386705679454269 0.5446390350150225 0
    outer loop
      vertex 11.10910347223756 -7.4931849065080085 6
      vertex 11.363844488496108 -7.1009181407249455 6
      vertex 11.363844488496108 -7.1009181407249455 0
    endloop
  endfacet
  facet normal -0.8571673007021124 0.5150380749100538 0
    outer loop
      vertex 11.363844488496108 -7.1009181407249455 6
      vertex 11.604740410711477 -6.7 6
      vertex 11.604740410711477 -6.7 0
    endloop
  endfacet
  facet normal -0.8746197071393933 0.48480962024634167 0
    outer loop
      vertex 11.604740410711477 -6.7 6
      vertex 11.831497744309623 -6.290918941330937 6
      vertex 11.831497744309623 -6.290918941330937 0
    endloop
  endfacet
  facet normal -0.891006524188368 0.45399049973954636 0
    outer loop
      vertex 11.831497744309623 -6.290918941330937 6
      vertex 12.043840220408839 -5.874173366973638 6
      vertex 12.043840220408839 -5.874173366973638 0
    endloop
  endfacet
  facet normal -0.9063077870366506 0.42261826174069783 0
    outer loop
      vertex 12.043840220408839 -5.874173366973638 6
      vertex 12.241509132410853 -5.450271017215723 6
      vertex 12.241509132410853 -5.450271017215723 0
    endloop
  endfacet
  facet normal -0.9205048534524404 0.39073112848927366 0
    outer loop
      vertex 12.241509132410853 -5.450271017215723 6
      vertex 12.424263651194952 -5.019728351773221 6
      vertex 12.424263651194952 -5.019728351773221 0
    endloop
  endfacet
  facet normal -0.9335804264972016 0.3583679495453006 0
    outer loop
      vertex 12.424263651194952 -5.019728351773221 6
      vertex 12.591881118531173 -4.583069920563961 6
      vertex 12.591881118531173 -4.583069920563961 0
    endloop
  endfacet
  facet normal -0.9455185755993176 0.32556815445715404 0
    outer loop
      vertex 12.591881118531173 -4.583069920563961 6
      vertex 12.744157318355057 -4.1408277246242955 6
      vertex 12.744157318355057 -4.1408277246242955 0
    endloop
  endfacet
  facet normal -0.9563047559630352 0.29237170472273766 0
    outer loop
      vertex 12.744157318355057 -4.1408277246242955 6
      vertex 12.880906725573473 -3.693540567947789 6
      vertex 12.880906725573473 -3.693540567947789 0
    endloop
  endfacet
  facet normal -0.9659258262890684 0.25881904510252013 0
    outer loop
      vertex 12.880906725573473 -3.693540567947789 6
      vertex 13.001962732098352 -3.2417534010355475 6
      vertex 13.001962732098352 -3.2417534010355475 0
    endloop
  endfacet
  facet normal -0.9743700647852344 0.22495105434386847 0
    outer loop
      vertex 13.107177849832997 -2.786016656957975 0
      vertex 13.001962732098352 -3.2417534010355475 6
      vertex 13.107177849832997 -2.786016656957975 6
    endloop
  endfacet
  facet normal -0.9816271834476644 0.19080899537654275 0
    outer loop
      vertex 13.107177849832997 -2.786016656957975 6
      vertex 13.196423890363588 -2.3268855807368665 6
      vertex 13.196423890363588 -2.3268855807368665 0
    endloop
  endfacet
  facet normal -0.9876883405951375 0.15643446504023145 0
    outer loop
      vertex 13.196423890363588 -2.3268855807368665 6
      vertex 13.269592121137043 -1.864919552864877 6
      vertex 13.269592121137043 -1.864919552864877 0
    endloop
  endfacet
  facet normal -0.9925461516413222 0.12186934340514614 0
    outer loop
      vertex 13.326593397934863 -1.4006814077865566 0
      vertex 13.269592121137043 -1.864919552864877 6
      vertex 13.326593397934863 -1.4006814077865566 6
    endloop
  endfacet
  facet normal -0.9961946980917458 0.08715574274765582 0
    outer loop
      vertex 13.326593397934863 -1.4006814077865566 6
      vertex 13.367358273481644 -0.934736748171279 6
      vertex 13.367358273481644 -0.934736748171279 0
    endloop
  endfacet
  facet normal -0.9986295347545738 0.052335956242946034 0
    outer loop
      vertex 13.391837082055883 -0.467653255813513 0
      vertex 13.367358273481644 -0.934736748171279 6
      vertex 13.391837082055883 -0.467653255813513 6
    endloop
  endfacet
  facet normal -0.9998476951563913 0.017452406437284348 0
    outer loop
      vertex 13.391837082055883 -0.467653255813513 6
      vertex 13.4 0 6
      vertex 13.4 0 0
    endloop
  endfacet
  facet normal -0.017452406437284348 -0.9998476951563913 0
    outer loop
      vertex 0.467653255813513 13.391837082055883 0
      vertex 0.467653255813513 13.391837082055883 6
      vertex 0 13.4 0
    endloop
  endfacet
  facet normal -0.052335956242946034 -0.9986295347545738 0
    outer loop
      vertex 0.934736748171279 13.367358273481644 0
      vertex 0.934736748171279 13.367358273481644 6
      vertex 0.467653255813513 13.391837082055883 0
    endloop
  endfacet
  facet normal -0.08715574274765582 -0.9961946980917458 0
    outer loop
      vertex 1.4006814077865566 13.326593397934863 0
      vertex 1.4006814077865566 13.326593397934863 6
      vertex 0.934736748171279 13.367358273481644 0
    endloop
  endfacet
  facet normal -0.12186934340514614 -0.9925461516413222 0
    outer loop
      vertex 1.864919552864877 13.269592121137043 0
      vertex 1.864919552864877 13.269592121137043 6
      vertex 1.4006814077865566 13.326593397934863 0
    endloop
  endfacet
  facet normal -0.15643446504023145 -0.9876883405951375 0
    outer loop
      vertex 2.3268855807368665 13.196423890363588 0
      vertex 2.3268855807368665 13.196423890363588 6
      vertex 1.864919552864877 13.269592121137043 0
    endloop
  endfacet
  facet normal -0.19080899537654275 -0.9816271834476644 0
    outer loop
      vertex 2.786016656957975 13.107177849832997 0
      vertex 2.786016656957975 13.107177849832997 6
      vertex 2.3268855807368665 13.196423890363588 0
    endloop
  endfacet
  facet normal -0.22495105434386847 -0.9743700647852344 0
    outer loop
      vertex 3.2417534010355475 13.001962732098352 0
      vertex 3.2417534010355475 13.001962732098352 6
      vertex 2.786016656957975 13.107177849832997 0
    endloop
  endfacet
  facet normal -0.25881904510252013 -0.9659258262890684 0
    outer loop
      vertex 3.693540567947789 12.880906725573473 0
      vertex 3.693540567947789 12.880906725573473 6
      vertex 3.2417534010355475 13.001962732098352 0
    endloop
  endfacet
  facet normal -0.32556815445715404 -0.9455185755993176 0
    outer loop
      vertex 4.583069920563961 12.591881118531173 0
      vertex 4.583069920563961 12.591881118531173 6
      vertex 4.1408277246242955 12.744157318355057 0
    endloop
  endfacet
  facet normal -0.3583679495453006 -0.9335804264972016 0
    outer loop
      vertex 5.019728351773221 12.424263651194952 0
      vertex 5.019728351773221 12.424263651194952 6
      vertex 4.583069920563961 12.591881118531173 0
    endloop
  endfacet
  facet normal -0.39073112848927366 -0.9205048534524404 0
    outer loop
      vertex 5.450271017215723 12.241509132410853 0
      vertex 5.450271017215723 12.241509132410853 6
      vertex 5.019728351773221 12.424263651194952 0
    endloop
  endfacet
  facet normal -0.29237170472273766 -0.9563047559630352 0
    outer loop
      vertex 4.1408277246242955 12.744157318355057 0
      vertex 4.1408277246242955 12.744157318355057 6
      vertex 3.693540567947789 12.880906725573473 0
    endloop
  endfacet
  facet normal -0.42261826174069783 -0.9063077870366506 0
    outer loop
      vertex 5.874173366973638 12.043840220408839 0
      vertex 5.874173366973638 12.043840220408839 6
      vertex 5.450271017215723 12.241509132410853 0
    endloop
  endfacet
  facet normal -0.45399049973954636 -0.891006524188368 0
    outer loop
      vertex 6.290918941330937 11.831497744309623 0
      vertex 6.290918941330937 11.831497744309623 6
      vertex 5.874173366973638 12.043840220408839 0
    endloop
  endfacet
  facet normal -0.48480962024634167 -0.8746197071393933 0
    outer loop
      vertex 6.7 11.604740410711477 0
      vertex 6.7 11.604740410711477 6
      vertex 6.290918941330937 11.831497744309623 0
    endloop
  endfacet
  facet normal -0.5150380749100538 -0.8571673007021124 0
    outer loop
      vertex 7.1009181407249455 11.363844488496108 0
      vertex 7.1009181407249455 11.363844488496108 6
      vertex 6.7 11.604740410711477 0
    endloop
  endfacet
  facet normal -0.9998476951563913 -0.017452406437284348 0
    outer loop
      vertex 13.391837082055883 0.467653255813513 0
      vertex 13.4 0 0
      vertex 13.4 0 6
    endloop
  endfacet
  facet normal -0.9986295347545738 -0.052335956242946034 0
    outer loop
      vertex 13.367358273481644 0.934736748171279 0
      vertex 13.391837082055883 0.467653255813513 0
      vertex 13.391837082055883 0.467653255813513 6
    endloop
  endfacet
  facet normal -0.9961946980917458 -0.08715574274765582 0
    outer loop
      vertex 13.326593397934863 1.4006814077865566 0
      vertex 13.367358273481644 0.934736748171279 0
      vertex 13.367358273481644 0.934736748171279 6
    endloop
  endfacet
  facet normal -0.9925461516413222 -0.12186934340514614 0
    outer loop
      vertex 13.269592121137043 1.864919552864877 0
      vertex 13.326593397934863 1.4006814077865566 0
      vertex 13.326593397934863 1.4006814077865566 6
    endloop
  endfacet
  facet normal -0.9876883405951375 -0.15643446504023145 0
    outer loop
      vertex 13.196423890363588 2.3268855807368665 0
      vertex 13.269592121137043 1.864919552864877 0
      vertex 13.269592121137043 1.864919552864877 6
    endloop
  endfacet
  facet normal -0.9816271834476644 -0.19080899537654275 0
    outer loop
      vertex 13.107177849832997 2.786016656957975 0
      vertex 13.196423890363588 2.3268855807368665 0
      vertex 13.196423890363588 2.3268855807368665 6
    endloop
  endfacet
  facet normal -0.9743700647852344 -0.22495105434386847 0
    outer loop
      vertex 13.001962732098352 3.2417534010355475 0
      vertex 13.107177849832997 2.786016656957975 0
      vertex 13.107177849832997 2.786016656957975 6
    endloop
  endfacet
  facet normal -0.9659258262890684 -0.25881904510252013 0
    outer loop
      vertex 12.880906725573473 3.693540567947789 0
      vertex 13.001962732098352 3.2417534010355475 0
      vertex 13.001962732098352 3.2417534010355475 6
    endloop
  endfacet
  facet normal -0.9335804264972016 -0.3583679495453006 0
    outer loop
      vertex 12.424263651194952 5.019728351773221 0
      vertex 12.591881118531173 4.583069920563961 0
      vertex 12.591881118531173 4.583069920563961 6
    endloop
  endfacet
  facet normal -0.9205048534524404 -0.39073112848927366 0
    outer loop
      vertex 12.241509132410853 5.450271017215723 0
      vertex 12.424263651194952 5.019728351773221 0
      vertex 12.424263651194952 5.019728351773221 6
    endloop
  endfacet
  facet normal -0.8571673007021124 -0.5150380749100538 0
    outer loop
      vertex 11.363844488496108 7.1009181407249455 0
      vertex 11.604740410711477 6.7 0
      vertex 11.604740410711477 6.7 6
    endloop
  endfacet
  facet normal -0.9063077870366506 -0.42261826174069783 0
    outer loop
      vertex 12.043840220408839 5.874173366973638 0
      vertex 12.241509132410853 5.450271017215723 0
      vertex 12.241509132410853 5.450271017215723 6
    endloop
  endfacet
  facet normal -0.891006524188368 -0.45399049973954636 0
    outer loop
      vertex 11.831497744309623 6.290918941330937 0
      vertex 12.043840220408839 5.874173366973638 0
      vertex 12.043840220408839 5.874173366973638 6
    endloop
  endfacet
  facet normal -0.8746197071393933 -0.48480962024634167 0
    outer loop
      vertex 11.604740410711477 6.7 0
      vertex 11.831497744309623 6.290918941330937 0
      vertex 11.831497744309623 6.290918941330937 6
    endloop
  endfacet
  facet normal -0.9563047559630352 -0.29237170472273766 0
    outer loop
      vertex 12.744157318355057 4.1408277246242955 0
      vertex 12.880906725573473 3.693540567947789 0
      vertex 12.880906725573473 3.693540567947789 6
    endloop
  endfacet
  facet normal -0.9455185755993176 -0.32556815445715404 0
    outer loop
      vertex 12.591881118531173 4.583069920563961 0
      vertex 12.744157318355057 4.1408277246242955 0
      vertex 12.744157318355057 4.1408277246242955 6
    endloop
  endfacet
  facet normal -0.6018150231520475 -0.7986355100472935 0
    outer loop
      vertex 8.249863769363822 10.559344098330074 0
      vertex 8.249863769363822 10.559344098330074 6
      vertex 7.87632238071914 10.840827724624296 0
    endloop
  endfacet
  facet normal -0.6293203910498396 -0.777145961456969 0
    outer loop
      vertex 8.613353969799626 10.264995537794306 0
      vertex 8.613353969799626 10.264995537794306 6
      vertex 8.249863769363822 10.559344098330074 0
    endloop
  endfacet
  facet normal -0.6560590289905049 -0.7547095802227739 0
    outer loop
      vertex 8.9663501252087 9.958140661397083 0
      vertex 8.9663501252087 9.958140661397083 6
      vertex 8.613353969799626 10.264995537794306 0
    endloop
  endfacet
  facet normal -0.7986355100472935 -0.6018150231520475 0
    outer loop
      vertex 10.559344098330074 8.249863769363822 0
      vertex 10.840827724624296 7.87632238071914 0
      vertex 10.840827724624296 7.87632238071914 6
    endloop
  endfacet
  facet normal -0.7547095802227739 -0.6560590289905049 0
    outer loop
      vertex 9.958140661397083 8.9663501252087 0
      vertex 10.264995537794306 8.613353969799626 0
      vertex 10.264995537794306 8.613353969799626 6
    endloop
  endfacet
  facet normal -0.777145961456969 -0.6293203910498396 0
    outer loop
      vertex 10.264995537794306 8.613353969799626 0
      vertex 10.559344098330074 8.249863769363822 0
      vertex 10.559344098330074 8.249863769363822 6
    endloop
  endfacet
  facet normal -0.6819983600624989 -0.73135370161917 0
    outer loop
      vertex 8.9663501252087 9.958140661397083 0
      vertex 9.308422164150564 9.639153324537926 0
      vertex 9.308422164150564 9.639153324537926 6
    endloop
  endfacet
  facet normal -0.7071067811865475 -0.7071067811865475 0
    outer loop
      vertex 9.308422164150564 9.639153324537926 0
      vertex 9.639153324537926 9.308422164150564 0
      vertex 9.639153324537926 9.308422164150564 6
    endloop
  endfacet
  facet normal -0.73135370161917 -0.6819983600624989 0
    outer loop
      vertex 9.639153324537926 9.308422164150564 0
      vertex 9.958140661397083 8.9663501252087 0
      vertex 9.958140661397083 8.9663501252087 6
    endloop
  endfacet
  facet normal -0.5446390350150225 -0.8386705679454269 0
    outer loop
      vertex 7.4931849065080085 11.10910347223756 0
      vertex 7.4931849065080085 11.10910347223756 6
      vertex 7.1009181407249455 11.363844488496108 0
    endloop
  endfacet
  facet normal -0.5735764363510493 -0.8191520442889895 0
    outer loop
      vertex 7.87632238071914 10.840827724624296 0
      vertex 7.87632238071914 10.840827724624296 6
      vertex 7.4931849065080085 11.10910347223756 0
    endloop
  endfacet
  facet normal -0.8191520442889895 -0.5735764363510493 0
    outer loop
      vertex 10.840827724624296 7.87632238071914 0
      vertex 11.10910347223756 7.4931849065080085 0
      vertex 11.10910347223756 7.4931849065080085 6
    endloop
  endfacet
  facet normal -0.8386705679454269 -0.5446390350150225 0
    outer loop
      vertex 11.10910347223756 7.4931849065080085 0
      vertex 11.363844488496108 7.1009181407249455 0
      vertex 11.363844488496108 7.1009181407249455 6
    endloop
  endfacet
  facet normal -0.017452406437284348 -0.9998476951563913 0
    outer loop
      vertex 0 13.4 0
      vertex 0.467653255813513 13.391837082055883 6
      vertex 0 13.4 6
    endloop
  endfacet
  facet normal -0.052335956242946034 -0.9986295347545738 0
    outer loop
      vertex 0.467653255813513 13.391837082055883 0
      vertex 0.934736748171279 13.367358273481644 6
      vertex 0.467653255813513 13.391837082055883 6
    endloop
  endfacet
  facet normal -0.08715574274765582 -0.9961946980917458 0
    outer loop
      vertex 0.934736748171279 13.367358273481644 0
      vertex 1.4006814077865566 13.326593397934863 6
      vertex 0.934736748171279 13.367358273481644 6
    endloop
  endfacet
  facet normal -0.12186934340514614 -0.9925461516413222 0
    outer loop
      vertex 1.4006814077865566 13.326593397934863 0
      vertex 1.864919552864877 13.269592121137043 6
      vertex 1.4006814077865566 13.326593397934863 6
    endloop
  endfacet
  facet normal -0.15643446504023145 -0.9876883405951375 0
    outer loop
      vertex 1.864919552864877 13.269592121137043 0
      vertex 2.3268855807368665 13.196423890363588 6
      vertex 1.864919552864877 13.269592121137043 6
    endloop
  endfacet
  facet normal -0.19080899537654275 -0.9816271834476644 0
    outer loop
      vertex 2.3268855807368665 13.196423890363588 0
      vertex 2.786016656957975 13.107177849832997 6
      vertex 2.3268855807368665 13.196423890363588 6
    endloop
  endfacet
  facet normal -0.22495105434386847 -0.9743700647852344 0
    outer loop
      vertex 2.786016656957975 13.107177849832997 0
      vertex 3.2417534010355475 13.001962732098352 6
      vertex 2.786016656957975 13.107177849832997 6
    endloop
  endfacet
  facet normal -0.25881904510252013 -0.9659258262890684 0
    outer loop
      vertex 3.2417534010355475 13.001962732098352 0
      vertex 3.693540567947789 12.880906725573473 6
      vertex 3.2417534010355475 13.001962732098352 6
    endloop
  endfacet
  facet normal -0.3583679495453006 -0.9335804264972016 0
    outer loop
      vertex 4.583069920563961 12.591881118531173 0
      vertex 5.019728351773221 12.424263651194952 6
      vertex 4.583069920563961 12.591881118531173 6
    endloop
  endfacet
  facet normal -0.39073112848927366 -0.9205048534524404 0
    outer loop
      vertex 5.019728351773221 12.424263651194952 0
      vertex 5.450271017215723 12.241509132410853 6
      vertex 5.019728351773221 12.424263651194952 6
    endloop
  endfacet
  facet normal -0.29237170472273766 -0.9563047559630352 0
    outer loop
      vertex 3.693540567947789 12.880906725573473 0
      vertex 4.1408277246242955 12.744157318355057 6
      vertex 3.693540567947789 12.880906725573473 6
    endloop
  endfacet
  facet normal -0.32556815445715404 -0.9455185755993176 0
    outer loop
      vertex 4.1408277246242955 12.744157318355057 0
      vertex 4.583069920563961 12.591881118531173 6
      vertex 4.1408277246242955 12.744157318355057 6
    endloop
  endfacet
  facet normal -0.42261826174069783 -0.9063077870366506 0
    outer loop
      vertex 5.450271017215723 12.241509132410853 0
      vertex 5.874173366973638 12.043840220408839 6
      vertex 5.450271017215723 12.241509132410853 6
    endloop
  endfacet
  facet normal -0.45399049973954636 -0.891006524188368 0
    outer loop
      vertex 6.290918941330937 11.831497744309623 6
      vertex 5.874173366973638 12.043840220408839 6
      vertex 5.874173366973638 12.043840220408839 0
    endloop
  endfacet
  facet normal -0.5150380749100538 -0.8571673007021124 0
    outer loop
      vertex 6.7 11.604740410711477 0
      vertex 7.1009181407249455 11.363844488496108 6
      vertex 6.7 11.604740410711477 6
    endloop
  endfacet
  facet normal -0.48480962024634167 -0.8746197071393933 0
    outer loop
      vertex 6.290918941330937 11.831497744309623 0
      vertex 6.7 11.604740410711477 6
      vertex 6.290918941330937 11.831497744309623 6
    endloop
  endfacet
  facet normal -0.9998476951563913 -0.017452406437284348 0
    outer loop
      vertex 13.4 0 6
      vertex 13.391837082055883 0.467653255813513 6
      vertex 13.391837082055883 0.467653255813513 0
    endloop
  endfacet
  facet normal -0.9986295347545738 -0.052335956242946034 0
    outer loop
      vertex 13.367358273481644 0.934736748171279 0
      vertex 13.391837082055883 0.467653255813513 6
      vertex 13.367358273481644 0.934736748171279 6
    endloop
  endfacet
  facet normal -0.9961946980917458 -0.08715574274765582 0
    outer loop
      vertex 13.326593397934863 1.4006814077865566 0
      vertex 13.367358273481644 0.934736748171279 6
      vertex 13.326593397934863 1.4006814077865566 6
    endloop
  endfacet
  facet normal -0.9925461516413222 -0.12186934340514614 0
    outer loop
      vertex 13.326593397934863 1.4006814077865566 6
      vertex 13.269592121137043 1.864919552864877 6
      vertex 13.269592121137043 1.864919552864877 0
    endloop
  endfacet
  facet normal -0.9876883405951375 -0.15643446504023145 0
    outer loop
      vertex 13.269592121137043 1.864919552864877 6
      vertex 13.196423890363588 2.3268855807368665 6
      vertex 13.196423890363588 2.3268855807368665 0
    endloop
  endfacet
  facet normal -0.9816271834476644 -0.19080899537654275 0
    outer loop
      vertex 13.107177849832997 2.786016656957975 0
      vertex 13.196423890363588 2.3268855807368665 6
      vertex 13.107177849832997 2.786016656957975 6
    endloop
  endfacet
  facet normal -0.9743700647852344 -0.22495105434386847 0
    outer loop
      vertex 13.107177849832997 2.786016656957975 6
      vertex 13.001962732098352 3.2417534010355475 6
      vertex 13.001962732098352 3.2417534010355475 0
    endloop
  endfacet
  facet normal -0.9659258262890684 -0.25881904510252013 0
    outer loop
      vertex 13.001962732098352 3.2417534010355475 6
      vertex 12.880906725573473 3.693540567947789 6
      vertex 12.880906725573473 3.693540567947789 0
    endloop
  endfacet
  facet normal -0.9455185755993176 -0.32556815445715404 0
    outer loop
      vertex 12.591881118531173 4.583069920563961 0
      vertex 12.744157318355057 4.1408277246242955 6
      vertex 12.591881118531173 4.583069920563961 6
    endloop
  endfacet
  facet normal -0.9335804264972016 -0.3583679495453006 0
    outer loop
      vertex 12.591881118531173 4.583069920563961 6
      vertex 12.424263651194952 5.019728351773221 6
      vertex 12.424263651194952 5.019728351773221 0
    endloop
  endfacet
  facet normal -0.9205048534524404 -0.39073112848927366 0
    outer loop
      vertex 12.424263651194952 5.019728351773221 6
      vertex 12.241509132410853 5.450271017215723 6
      vertex 12.241509132410853 5.450271017215723 0
    endloop
  endfacet
  facet normal -0.8746197071393933 -0.48480962024634167 0
    outer loop
      vertex 11.831497744309623 6.290918941330937 6
      vertex 11.604740410711477 6.7 6
      vertex 11.604740410711477 6.7 0
    endloop
  endfacet
  facet normal -0.8571673007021124 -0.5150380749100538 0
    outer loop
      vertex 11.604740410711477 6.7 6
      vertex 11.363844488496108 7.1009181407249455 6
      vertex 11.363844488496108 7.1009181407249455 0
    endloop
  endfacet
  facet normal -0.9063077870366506 -0.42261826174069783 0
    outer loop
      vertex 12.043840220408839 5.874173366973638 0
      vertex 12.241509132410853 5.450271017215723 6
      vertex 12.043840220408839 5.874173366973638 6
    endloop
  endfacet
  facet normal -0.891006524188368 -0.45399049973954636 0
    outer loop
      vertex 12.043840220408839 5.874173366973638 6
      vertex 11.831497744309623 6.290918941330937 6
      vertex 11.831497744309623 6.290918941330937 0
    endloop
  endfacet
  facet normal -0.9563047559630352 -0.29237170472273766 0
    outer loop
      vertex 12.880906725573473 3.693540567947789 6
      vertex 12.744157318355057 4.1408277246242955 6
      vertex 12.744157318355057 4.1408277246242955 0
    endloop
  endfacet
  facet normal -0.6018150231520475 -0.7986355100472935 0
    outer loop
      vertex 7.87632238071914 10.840827724624296 0
      vertex 8.249863769363822 10.559344098330074 6
      vertex 7.87632238071914 10.840827724624296 6
    endloop
  endfacet
  facet normal -0.6293203910498396 -0.777145961456969 0
    outer loop
      vertex 8.249863769363822 10.559344098330074 0
      vertex 8.613353969799626 10.264995537794306 6
      vertex 8.249863769363822 10.559344098330074 6
    endloop
  endfacet
  facet normal -0.6560590289905049 -0.7547095802227739 0
    outer loop
      vertex 8.613353969799626 10.264995537794306 0
      vertex 8.9663501252087 9.958140661397083 6
      vertex 8.613353969799626 10.264995537794306 6
    endloop
  endfacet
  facet normal -0.7986355100472935 -0.6018150231520475 0
    outer loop
      vertex 10.840827724624296 7.87632238071914 6
      vertex 10.559344098330074 8.249863769363822 6
      vertex 10.559344098330074 8.249863769363822 0
    endloop
  endfacet
  facet normal -0.777145961456969 -0.6293203910498396 0
    outer loop
      vertex 10.559344098330074 8.249863769363822 6
      vertex 10.264995537794306 8.613353969799626 6
      vertex 10.264995537794306 8.613353969799626 0
    endloop
  endfacet
  facet normal -0.7547095802227739 -0.6560590289905049 0
    outer loop
      vertex 10.264995537794306 8.613353969799626 6
      vertex 9.958140661397083 8.9663501252087 6
      vertex 9.958140661397083 8.9663501252087 0
    endloop
  endfacet
  facet normal -0.6819983600624989 -0.73135370161917 0
    outer loop
      vertex 8.9663501252087 9.958140661397083 0
      vertex 9.308422164150564 9.639153324537926 6
      vertex 8.9663501252087 9.958140661397083 6
    endloop
  endfacet
  facet normal -0.7071067811865475 -0.7071067811865475 0
    outer loop
      vertex 9.639153324537926 9.308422164150564 6
      vertex 9.308422164150564 9.639153324537926 6
      vertex 9.308422164150564 9.639153324537926 0
    endloop
  endfacet
  facet normal -0.73135370161917 -0.6819983600624989 0
    outer loop
      vertex 9.958140661397083 8.9663501252087 6
      vertex 9.639153324537926 9.308422164150564 6
      vertex 9.639153324537926 9.308422164150564 0
    endloop
  endfacet
  facet normal -0.5446390350150225 -0.8386705679454269 0
    outer loop
      vertex 7.1009181407249455 11.363844488496108 0
      vertex 7.4931849065080085 11.10910347223756 6
      vertex 7.1009181407249455 11.363844488496108 6
    endloop
  endfacet
  facet normal -0.5735764363510493 -0.8191520442889895 0
    outer loop
      vertex 7.4931849065080085 11.10910347223756 0
      vertex 7.87632238071914 10.840827724624296 6
      vertex 7.4931849065080085 11.10910347223756 6
    endloop
  endfacet
  facet normal -0.8386705679454269 -0.5446390350150225 0
    outer loop
      vertex 11.10910347223756 7.4931849065080085 0
      vertex 11.363844488496108 7.1009181407249455 6
      vertex 11.10910347223756 7.4931849065080085 6
    endloop
  endfacet
  facet normal -0.8191520442889895 -0.5735764363510493 0
    outer loop
      vertex 11.10910347223756 7.4931849065080085 6
      vertex 10.840827724624296 7.87632238071914 6
      vertex 10.840827724624296 7.87632238071914 0
    endloop
  endfacet
endsolid OpenSCAD_Model
